0.0,0.0,0.0,1.0,0.0,0.0,0.0,0.0,0.0,18.0,77.0,142.0,343.0,635.0,797.0,723.0,627.0,478.0,441.0,410.0,426.0,405.0,406.0,370.0,406.0,410.0,454.0,444.0,552.0,599.0,720.0,933.0,1051.0,1384.0,2585.0,3395.0,3098.0,1852.0,1143.0,809.0,741.0,648.0,621.0,550.0,732.0,258.0,45.0,9.0
0.0,0.0,0.0,0.0,0.0,0.0,0.0,0.0,0.0,5.0,13.0,76.0,211.0,457.0,656.0,579.0,479.0,285.0,263.0,190.0,210.0,212.0,207.0,214.0,207.0,238.0,243.0,209.0,265.0,294.0,346.0,419.0,444.0,610.0,1205.0,1855.0,1924.0,1194.0,793.0,497.0,469.0,466.0,431.0,340.0,370.0,136.0,30.0,7.0
0.0,0.0,0.0,0.0,0.0,0.0,0.0,0.0,0.0,6.0,15.0,56.0,172.0,433.0,808.0,907.0,807.0,519.0,367.0,258.0,228.0,244.0,229.0,237.0,264.0,217.0,237.0,258.0,270.0,335.0,373.0,453.0,508.0,736.0,1363.0,1861.0,1792.0,1204.0,658.0,498.0,467.0,368.0,355.0,274.0,307.0,158.0,20.0,2.0
0.0,0.0,0.0,0.0,0.0,0.0,0.0,0.0,0.0,8.0,24.0,57.0,210.0,434.0,763.0,810.0,727.0,537.0,381.0,267.0,272.0,260.0,222.0,275.0,248.0,279.0,268.0,255.0,290.0,325.0,404.0,410.0,546.0,790.0,1687.0,2046.0,2017.0,1271.0,754.0,467.0,412.0,360.0,355.0,224.0,251.0,103.0,18.0,0.0
0.0,0.0,0.0,0.0,0.0,0.0,0.0,0.0,0.0,6.0,32.0,74.0,208.0,655.0,1099.0,1146.0,868.0,523.0,380.0,353.0,340.0,313.0,287.0,345.0,312.0,318.0,342.0,336.0,363.0,404.0,439.0,542.0,651.0,1068.0,2028.0,2491.0,2156.0,1425.0,799.0,604.0,494.0,500.0,474.0,305.0,261.0,101.0,29.0,1.0
0.0,0.0,0.0,0.0,0.0,0.0,0.0,0.0,0.0,6.0,39.0,170.0,439.0,1097.0,1935.0,1915.0,1408.0,956.0,684.0,588.0,485.0,438.0,470.0,440.0,483.0,537.0,617.0,617.0,592.0,527.0,556.0,537.0,719.0,980.0,1899.0,2710.0,2726.0,1595.0,671.0,360.0,347.0,318.0,325.0,221.0,167.0,78.0,17.0,0.0
0.0,0.0,0.0,0.0,0.0,0.0,0.0,0.0,0.0,2.0,20.0,49.0,156.0,576.0,1063.0,1354.0,1108.0,691.0,403.0,302.0,289.0,283.0,268.0,280.0,297.0,244.0,281.0,293.0,326.0,302.0,292.0,369.0,474.0,640.0,1310.0,1553.0,1335.0,868.0,486.0,336.0,299.0,274.0,252.0,190.0,182.0,67.0,10.0,1.0
0.0,0.0,0.0,0.0,0.0,0.0,0.0,0.0,0.0,9.0,18.0,53.0,214.0,711.0,1298.0,1784.0,1409.0,665.0,369.0,291.0,267.0,227.0,245.0,225.0,256.0,248.0,281.0,325.0,293.0,268.0,245.0,247.0,269.0,345.0,571.0,653.0,530.0,384.0,178.0,139.0,124.0,113.0,90.0,89.0,73.0,69.0,8.0,1.0
0.0,0.0,0.0,0.0,0.0,0.0,0.0,0.0,0.0,1.0,19.0,87.0,316.0,984.0,1648.0,1903.0,1523.0,837.0,530.0,446.0,348.0,262.0,246.0,226.0,258.0,244.0,282.0,250.0,268.0,213.0,224.0,265.0,275.0,402.0,618.0,738.0,629.0,427.0,235.0,176.0,170.0,145.0,138.0,120.0,121.0,65.0,13.0,0.0
0.0,0.0,0.0,0.0,0.0,0.0,0.0,0.0,0.0,5.0,16.0,78.0,272.0,981.0,2045.0,1965.0,1209.0,612.0,346.0,292.0,222.0,177.0,137.0,159.0,167.0,162.0,222.0,193.0,173.0,165.0,179.0,191.0,257.0,351.0,589.0,644.0,595.0,395.0,209.0,158.0,176.0,138.0,123.0,118.0,126.0,51.0,8.0,0.0
0.0,0.0,0.0,0.0,0.0,0.0,0.0,0.0,0.0,2.0,26.0,108.0,370.0,1133.0,1888.0,2547.0,2254.0,1472.0,755.0,416.0,326.0,317.0,286.0,262.0,254.0,304.0,340.0,320.0,313.0,284.0,273.0,254.0,334.0,437.0,712.0,755.0,718.0,492.0,273.0,172.0,181.0,154.0,135.0,113.0,132.0,90.0,6.0,0.0
0.0,0.0,0.0,0.0,0.0,0.0,0.0,0.0,0.0,10.0,43.0,143.0,349.0,1456.0,4529.0,7751.0,5588.0,2467.0,1136.0,679.0,536.0,430.0,410.0,386.0,421.0,472.0,474.0,449.0,506.0,365.0,377.0,349.0,352.0,361.0,570.0,719.0,544.0,308.0,154.0,102.0,107.0,91.0,76.0,65.0,61.0,53.0,9.0,0.0
0.0,0.0,0.0,0.0,0.0,0.0,0.0,0.0,0.0,2.0,33.0,144.0,448.0,1366.0,3359.0,5183.0,4275.0,2315.0,1808.0,1481.0,1548.0,1489.0,1443.0,1431.0,1275.0,1348.0,1445.0,1544.0,1517.0,1317.0,1173.0,1070.0,1101.0,1228.0,1623.0,1897.0,1670.0,1047.0,551.0,337.0,241.0,166.0,132.0,100.0,102.0,75.0,25.0,0.0
0.0,0.0,0.0,0.0,0.0,0.0,0.0,0.0,0.0,0.0,23.0,52.0,153.0,391.0,518.0,264.0,286.0,263.0,272.0,234.0,205.0,171.0,143.0,129.0,159.0,166.0,205.0,234.0,157.0,112.0,113.0,102.0,96.0,108.0,120.0,129.0,131.0,128.0,51.0,31.0,22.0,26.0,26.0,15.0,9.0,12.0,2.0,0.0
0.0,0.0,0.0,0.0,0.0,0.0,0.0,0.0,0.0,8.0,58.0,107.0,206.0,417.0,697.0,657.0,585.0,599.0,664.0,586.0,497.0,364.0,336.0,281.0,252.0,271.0,269.0,310.0,283.0,221.0,144.0,133.0,152.0,118.0,152.0,142.0,131.0,103.0,63.0,58.0,40.0,44.0,44.0,23.0,25.0,19.0,6.0,0.0
0.0,0.0,0.0,0.0,0.0,0.0,0.0,0.0,0.0,1.0,26.0,67.0,193.0,529.0,1271.0,2260.0,2772.0,1925.0,1193.0,830.0,675.0,637.0,580.0,615.0,536.0,508.0,599.0,648.0,663.0,540.0,509.0,445.0,450.0,506.0,693.0,727.0,667.0,464.0,257.0,151.0,102.0,92.0,61.0,61.0,35.0,30.0,1.0,0.0
0.0,0.0,0.0,0.0,0.0,0.0,0.0,0.0,0.0,9.0,68.0,216.0,520.0,1501.0,3050.0,4688.0,4586.0,3383.0,2067.0,1106.0,709.0,567.0,484.0,483.0,621.0,704.0,670.0,525.0,492.0,421.0,378.0,313.0,326.0,313.0,515.0,500.0,438.0,293.0,179.0,129.0,108.0,102.0,89.0,52.0,75.0,57.0,13.0,4.0
0.0,0.0,0.0,0.0,0.0,0.0,0.0,0.0,0.0,2.0,46.0,98.0,287.0,851.0,2071.0,4134.0,4384.0,2917.0,1709.0,894.0,566.0,391.0,347.0,345.0,379.0,427.0,429.0,435.0,383.0,337.0,318.0,273.0,268.0,289.0,511.0,585.0,524.0,347.0,195.0,150.0,95.0,110.0,97.0,57.0,77.0,71.0,9.0,0.0
0.0,0.0,0.0,0.0,0.0,0.0,0.0,0.0,0.0,1.0,17.0,91.0,430.0,785.0,2118.0,5183.0,5666.0,3537.0,1836.0,1011.0,586.0,488.0,432.0,439.0,441.0,436.0,462.0,449.0,414.0,342.0,309.0,320.0,297.0,312.0,442.0,534.0,495.0,360.0,201.0,136.0,101.0,104.0,103.0,75.0,86.0,43.0,2.0,0.0
1.0,0.0,0.0,0.0,0.0,0.0,0.0,0.0,0.0,16.0,109.0,205.0,484.0,1462.0,3524.0,7631.0,9193.0,6486.0,4001.0,2132.0,1402.0,1080.0,1022.0,1008.0,1059.0,1139.0,1131.0,1134.0,1111.0,1098.0,1122.0,1112.0,1272.0,1357.0,2225.0,2744.0,2748.0,1732.0,1042.0,650.0,537.0,365.0,322.0,199.0,160.0,148.0,23.0,1.0
0.0,0.0,0.0,0.0,0.0,0.0,0.0,0.0,0.0,15.0,91.0,182.0,370.0,1060.0,2813.0,5809.0,7037.0,5596.0,3251.0,1751.0,1226.0,967.0,974.0,891.0,997.0,941.0,1126.0,1092.0,952.0,930.0,934.0,936.0,1076.0,1097.0,1614.0,2071.0,2151.0,1488.0,952.0,698.0,607.0,596.0,526.0,371.0,291.0,185.0,26.0,0.0
0.0,0.0,0.0,0.0,0.0,0.0,0.0,0.0,0.0,13.0,63.0,157.0,420.0,955.0,2189.0,3826.0,3716.0,2304.0,1309.0,781.0,587.0,567.0,502.0,512.0,518.0,510.0,462.0,455.0,507.0,482.0,532.0,639.0,574.0,746.0,1287.0,1663.0,1803.0,1257.0,851.0,563.0,513.0,394.0,394.0,259.0,258.0,129.0,28.0,1.0
0.0,0.0,0.0,0.0,0.0,0.0,0.0,0.0,0.0,2.0,12.0,50.0,155.0,473.0,1167.0,1929.0,2260.0,1392.0,631.0,374.0,274.0,235.0,258.0,254.0,234.0,263.0,234.0,244.0,263.0,238.0,265.0,330.0,410.0,476.0,925.0,1200.0,1454.0,1006.0,663.0,453.0,424.0,383.0,391.0,324.0,339.0,153.0,88.0,8.0
0.0,0.0,0.0,0.0,0.0,0.0,0.0,0.0,0.0,19.0,106.0,239.0,639.0,1918.0,4340.0,6603.0,5982.0,3203.0,1933.0,1258.0,1066.0,947.0,956.0,942.0,1002.0,920.0,988.0,854.0,857.0,793.0,771.0,898.0,1016.0,1201.0,2057.0,2770.0,2751.0,1814.0,1135.0,698.0,659.0,514.0,503.0,424.0,434.0,228.0,21.0,0.0
0.0,0.0,0.0,0.0,0.0,0.0,0.0,0.0,0.0,7.0,32.0,114.0,384.0,1067.0,2475.0,3343.0,2905.0,1688.0,924.0,566.0,461.0,368.0,359.0,329.0,304.0,357.0,356.0,304.0,318.0,311.0,288.0,326.0,382.0,449.0,770.0,931.0,817.0,572.0,354.0,219.0,222.0,170.0,186.0,164.0,118.0,75.0,10.0,1.0
0.0,0.0,0.0,0.0,0.0,0.0,0.0,0.0,0.0,6.0,70.0,187.0,653.0,1890.0,4313.0,6862.0,5206.0,2530.0,1294.0,855.0,631.0,569.0,527.0,462.0,515.0,557.0,586.0,572.0,515.0,455.0,481.0,466.0,491.0,600.0,970.0,1115.0,958.0,619.0,363.0,284.0,223.0,235.0,185.0,160.0,131.0,61.0,4.0,0.0
0.0,0.0,0.0,0.0,0.0,0.0,0.0,0.0,0.0,9.0,46.0,114.0,382.0,1058.0,2206.0,2723.0,2082.0,1209.0,724.0,475.0,408.0,394.0,347.0,308.0,390.0,379.0,362.0,389.0,387.0,451.0,454.0,524.0,567.0,750.0,1620.0,2218.0,2048.0,1303.0,774.0,579.0,431.0,417.0,372.0,279.0,254.0,86.0,2.0,0.0
0.0,0.0,0.0,0.0,0.0,0.0,0.0,0.0,0.0,3.0,18.0,67.0,199.0,698.0,1853.0,3118.0,3026.0,1402.0,715.0,445.0,362.0,377.0,333.0,320.0,335.0,350.0,431.0,424.0,413.0,392.0,338.0,313.0,332.0,462.0,738.0,956.0,932.0,685.0,368.0,230.0,203.0,228.0,196.0,176.0,159.0,80.0,11.0,0.0
0.0,0.0,0.0,0.0,0.0,0.0,0.0,0.0,0.0,2.0,5.0,32.0,174.0,653.0,841.0,732.0,614.0,387.0,231.0,172.0,133.0,146.0,123.0,129.0,103.0,158.0,150.0,157.0,182.0,188.0,172.0,184.0,217.0,288.0,554.0,789.0,756.0,450.0,254.0,161.0,144.0,129.0,125.0,83.0,106.0,30.0,2.0,0.0
0.0,0.0,0.0,0.0,0.0,0.0,0.0,0.0,0.0,17.0,39.0,86.0,194.0,493.0,722.0,745.0,614.0,538.0,544.0,477.0,443.0,384.0,407.0,328.0,352.0,361.0,363.0,353.0,364.0,292.0,355.0,370.0,383.0,473.0,756.0,914.0,799.0,513.0,351.0,224.0,242.0,145.0,201.0,140.0,139.0,38.0,2.0,0.0
0.0,0.0,0.0,0.0,0.0,0.0,0.0,0.0,0.0,9.0,78.0,206.0,644.0,1687.0,2968.0,2870.0,2811.0,1862.0,1407.0,1083.0,862.0,774.0,800.0,743.0,900.0,879.0,760.0,748.0,793.0,679.0,761.0,805.0,820.0,989.0,1757.0,2345.0,2305.0,1441.0,842.0,526.0,412.0,369.0,317.0,243.0,215.0,93.0,12.0,0.0
0.0,0.0,0.0,0.0,0.0,0.0,0.0,0.0,0.0,15.0,178.0,305.0,448.0,724.0,1356.0,1918.0,2119.0,1572.0,1242.0,1036.0,872.0,813.0,831.0,794.0,857.0,751.0,795.0,747.0,843.0,785.0,767.0,745.0,724.0,777.0,941.0,971.0,1002.0,922.0,885.0,797.0,730.0,738.0,706.0,489.0,296.0,66.0,10.0,0.0
0.0,0.0,0.0,0.0,0.0,0.0,0.0,0.0,0.0,8.0,35.0,107.0,452.0,1853.0,5297.0,9495.0,9025.0,5576.0,3142.0,1651.0,1076.0,859.0,719.0,664.0,734.0,817.0,949.0,742.0,723.0,693.0,699.0,647.0,707.0,783.0,1204.0,1388.0,1264.0,779.0,472.0,292.0,251.0,241.0,242.0,156.0,164.0,62.0,16.0,0.0
0.0,0.0,0.0,0.0,0.0,0.0,0.0,0.0,0.0,5.0,34.0,114.0,318.0,1072.0,2610.0,5241.0,5731.0,3586.0,1997.0,955.0,581.0,509.0,456.0,422.0,441.0,498.0,526.0,475.0,451.0,430.0,399.0,383.0,385.0,502.0,724.0,912.0,897.0,523.0,296.0,201.0,169.0,160.0,150.0,117.0,113.0,41.0,3.0,0.0
0.0,0.0,1.0,0.0,0.0,0.0,0.0,0.0,0.0,91.0,298.0,492.0,1102.0,2100.0,3631.0,5446.0,5695.0,4042.0,2446.0,1571.0,1397.0,1314.0,1320.0,1290.0,1387.0,1270.0,1310.0,1274.0,1397.0,1533.0,1587.0,1605.0,1709.0,1854.0,3023.0,3672.0,3435.0,2060.0,1191.0,769.0,676.0,499.0,468.0,355.0,316.0,128.0,19.0,0.0
0.0,0.0,0.0,0.0,0.0,0.0,0.0,0.0,0.0,2.0,25.0,65.0,217.0,607.0,1322.0,2424.0,3224.0,2223.0,1432.0,811.0,575.0,464.0,384.0,313.0,375.0,400.0,384.0,385.0,368.0,334.0,316.0,307.0,305.0,351.0,625.0,776.0,701.0,477.0,265.0,197.0,166.0,163.0,161.0,127.0,119.0,44.0,8.0,0.0
0.0,0.0,0.0,0.0,0.0,0.0,0.0,0.0,0.0,3.0,18.0,50.0,207.0,573.0,1311.0,1847.0,1290.0,646.0,417.0,320.0,224.0,212.0,217.0,202.0,203.0,203.0,236.0,216.0,283.0,226.0,268.0,286.0,370.0,419.0,852.0,1084.0,967.0,690.0,403.0,243.0,233.0,187.0,207.0,139.0,122.0,42.0,6.0,0.0
0.0,0.0,0.0,0.0,0.0,0.0,0.0,0.0,0.0,6.0,20.0,71.0,330.0,953.0,1806.0,2042.0,1166.0,565.0,362.0,300.0,240.0,239.0,222.0,186.0,243.0,188.0,224.0,214.0,247.0,205.0,297.0,290.0,366.0,471.0,883.0,1103.0,1076.0,690.0,491.0,309.0,276.0,224.0,284.0,200.0,134.0,49.0,13.0,2.0
0.0,0.0,0.0,0.0,0.0,0.0,0.0,0.0,0.0,47.0,152.0,278.0,574.0,1492.0,2535.0,2984.0,2283.0,1490.0,1069.0,854.0,755.0,685.0,694.0,625.0,705.0,688.0,684.0,652.0,731.0,783.0,773.0,883.0,874.0,1050.0,1921.0,2405.0,2266.0,1521.0,908.0,634.0,550.0,412.0,405.0,270.0,172.0,92.0,29.0,1.0
0.0,0.0,0.0,0.0,0.0,0.0,0.0,0.0,0.0,2.0,29.0,61.0,134.0,306.0,377.0,453.0,300.0,189.0,151.0,152.0,160.0,192.0,159.0,142.0,171.0,168.0,203.0,202.0,209.0,265.0,325.0,339.0,489.0,738.0,1238.0,1606.0,1399.0,889.0,512.0,349.0,341.0,263.0,271.0,178.0,140.0,47.0,20.0,1.0
0.0,0.0,0.0,0.0,0.0,0.0,0.0,0.0,0.0,11.0,54.0,110.0,190.0,334.0,403.0,336.0,291.0,276.0,297.0,266.0,222.0,227.0,236.0,237.0,196.0,236.0,245.0,262.0,254.0,278.0,302.0,341.0,395.0,443.0,707.0,1019.0,1113.0,804.0,535.0,363.0,349.0,327.0,328.0,206.0,184.0,42.0,10.0,0.0
0.0,0.0,0.0,0.0,0.0,0.0,0.0,0.0,0.0,9.0,42.0,89.0,172.0,372.0,467.0,333.0,260.0,206.0,190.0,185.0,181.0,174.0,173.0,215.0,221.0,191.0,185.0,188.0,220.0,247.0,252.0,320.0,324.0,431.0,764.0,1011.0,1187.0,871.0,562.0,426.0,377.0,315.0,306.0,251.0,163.0,55.0,9.0,3.0
0.0,0.0,0.0,0.0,0.0,0.0,0.0,0.0,0.0,1.0,14.0,24.0,73.0,228.0,287.0,333.0,263.0,158.0,121.0,137.0,103.0,112.0,96.0,108.0,111.0,152.0,134.0,118.0,120.0,129.0,129.0,122.0,116.0,172.0,305.0,427.0,519.0,324.0,190.0,163.0,111.0,120.0,141.0,111.0,118.0,32.0,7.0,1.0
0.0,0.0,0.0,0.0,0.0,0.0,0.0,0.0,0.0,2.0,12.0,53.0,106.0,368.0,781.0,906.0,741.0,558.0,348.0,244.0,208.0,187.0,165.0,174.0,162.0,205.0,228.0,219.0,248.0,234.0,187.0,225.0,236.0,286.0,465.0,552.0,478.0,289.0,204.0,170.0,163.0,155.0,148.0,83.0,98.0,43.0,7.0,1.0
0.0,0.0,0.0,0.0,0.0,0.0,0.0,0.0,0.0,4.0,22.0,59.0,190.0,803.0,2430.0,4275.0,4655.0,3979.0,2797.0,1354.0,881.0,705.0,640.0,569.0,627.0,624.0,596.0,566.0,573.0,505.0,520.0,438.0,428.0,433.0,499.0,593.0,477.0,287.0,196.0,153.0,109.0,97.0,113.0,69.0,79.0,35.0,4.0,0.0
0.0,0.0,0.0,0.0,0.0,0.0,0.0,0.0,0.0,2.0,13.0,91.0,305.0,1246.0,3226.0,4734.0,5137.0,3936.0,2560.0,1355.0,899.0,685.0,652.0,702.0,671.0,689.0,692.0,544.0,594.0,523.0,554.0,520.0,507.0,575.0,952.0,1163.0,1071.0,705.0,410.0,297.0,229.0,211.0,163.0,153.0,173.0,74.0,21.0,3.0
0.0,0.0,0.0,0.0,0.0,0.0,0.0,0.0,0.0,5.0,27.0,57.0,247.0,796.0,1915.0,2848.0,2729.0,1694.0,865.0,564.0,425.0,376.0,407.0,428.0,422.0,411.0,418.0,452.0,474.0,400.0,362.0,370.0,377.0,495.0,950.0,1105.0,1059.0,660.0,400.0,306.0,261.0,254.0,260.0,200.0,148.0,56.0,6.0,0.0
0.0,0.0,0.0,0.0,0.0,0.0,0.0,0.0,0.0,9.0,36.0,88.0,203.0,625.0,1811.0,3118.0,2507.0,1441.0,800.0,432.0,327.0,349.0,305.0,277.0,360.0,360.0,347.0,320.0,285.0,325.0,298.0,346.0,306.0,406.0,664.0,882.0,813.0,573.0,344.0,257.0,237.0,266.0,242.0,212.0,139.0,59.0,8.0,0.0
0.0,0.0,0.0,0.0,0.0,0.0,0.0,0.0,0.0,2.0,17.0,52.0,198.0,663.0,1544.0,2167.0,1731.0,902.0,470.0,318.0,256.0,246.0,213.0,222.0,252.0,256.0,274.0,264.0,242.0,215.0,214.0,206.0,265.0,294.0,455.0,549.0,478.0,315.0,190.0,179.0,144.0,138.0,117.0,104.0,97.0,44.0,3.0,0.0
0.0,0.0,0.0,0.0,0.0,0.0,0.0,0.0,0.0,1.0,33.0,98.0,163.0,461.0,1098.0,1536.0,1194.0,872.0,663.0,640.0,609.0,518.0,431.0,403.0,381.0,380.0,388.0,337.0,304.0,256.0,207.0,166.0,133.0,171.0,175.0,260.0,222.0,133.0,85.0,73.0,65.0,47.0,66.0,30.0,27.0,16.0,0.0,0.0
0.0,0.0,0.0,0.0,0.0,0.0,0.0,0.0,0.0,1.0,8.0,47.0,198.0,715.0,893.0,1096.0,922.0,499.0,309.0,193.0,185.0,163.0,172.0,149.0,163.0,190.0,172.0,174.0,175.0,183.0,194.0,207.0,220.0,259.0,508.0,597.0,551.0,363.0,220.0,152.0,158.0,150.0,132.0,92.0,75.0,32.0,6.0,2.0
0.0,0.0,0.0,0.0,0.0,0.0,0.0,0.0,0.0,1.0,17.0,81.0,324.0,1183.0,1428.0,1084.0,886.0,556.0,442.0,342.0,263.0,271.0,258.0,252.0,256.0,276.0,260.0,263.0,275.0,298.0,264.0,274.0,351.0,436.0,701.0,842.0,738.0,480.0,307.0,208.0,189.0,208.0,176.0,144.0,130.0,81.0,16.0,1.0
0.0,0.0,0.0,0.0,0.0,0.0,0.0,0.0,0.0,1.0,12.0,47.0,237.0,706.0,1039.0,976.0,778.0,435.0,310.0,202.0,199.0,164.0,145.0,157.0,189.0,162.0,188.0,145.0,158.0,143.0,145.0,143.0,175.0,215.0,304.0,389.0,357.0,190.0,128.0,106.0,99.0,73.0,88.0,80.0,54.0,16.0,0.0,0.0
0.0,0.0,0.0,0.0,0.0,0.0,0.0,0.0,0.0,1.0,10.0,66.0,169.0,670.0,1954.0,2850.0,2182.0,1090.0,544.0,350.0,299.0,231.0,236.0,226.0,268.0,233.0,257.0,241.0,262.0,257.0,154.0,182.0,215.0,247.0,462.0,568.0,472.0,293.0,193.0,116.0,95.0,93.0,78.0,60.0,70.0,31.0,3.0,0.0
0.0,0.0,0.0,0.0,0.0,0.0,0.0,0.0,0.0,2.0,11.0,36.0,139.0,403.0,664.0,966.0,912.0,500.0,278.0,213.0,201.0,156.0,202.0,181.0,166.0,209.0,210.0,203.0,191.0,202.0,210.0,302.0,284.0,358.0,617.0,718.0,715.0,467.0,312.0,189.0,185.0,166.0,177.0,133.0,152.0,84.0,5.0,0.0
0.0,0.0,0.0,0.0,0.0,0.0,0.0,0.0,0.0,0.0,16.0,80.0,355.0,1047.0,1381.0,1419.0,1208.0,601.0,416.0,366.0,314.0,287.0,289.0,239.0,279.0,305.0,278.0,304.0,354.0,346.0,360.0,513.0,570.0,701.0,1216.0,1592.0,1510.0,1010.0,636.0,454.0,413.0,391.0,369.0,282.0,263.0,90.0,9.0,0.0
0.0,0.0,0.0,0.0,0.0,0.0,0.0,0.0,0.0,19.0,156.0,519.0,890.0,1497.0,1944.0,1994.0,1814.0,1393.0,1145.0,1083.0,951.0,922.0,902.0,897.0,977.0,944.0,970.0,879.0,881.0,936.0,891.0,862.0,963.0,1025.0,1550.0,2004.0,1948.0,1316.0,874.0,672.0,570.0,427.0,385.0,273.0,199.0,47.0,3.0,1.0
0.0,0.0,0.0,0.0,0.0,0.0,0.0,0.0,0.0,0.0,3.0,26.0,84.0,265.0,534.0,702.0,592.0,354.0,278.0,228.0,225.0,202.0,243.0,206.0,221.0,214.0,242.0,202.0,250.0,234.0,248.0,365.0,419.0,499.0,1012.0,1380.0,1308.0,884.0,576.0,436.0,365.0,325.0,330.0,258.0,254.0,78.0,11.0,0.0
0.0,0.0,0.0,0.0,0.0,0.0,0.0,0.0,0.0,1.0,26.0,36.0,118.0,334.0,538.0,759.0,744.0,435.0,376.0,311.0,291.0,301.0,295.0,263.0,276.0,282.0,280.0,320.0,297.0,371.0,464.0,606.0,651.0,835.0,1639.0,2097.0,2076.0,1274.0,891.0,576.0,530.0,477.0,477.0,338.0,313.0,144.0,9.0,0.0
0.0,0.0,0.0,0.0,0.0,0.0,0.0,0.0,0.0,2.0,9.0,35.0,134.0,308.0,704.0,938.0,843.0,518.0,368.0,304.0,283.0,294.0,264.0,289.0,300.0,271.0,293.0,277.0,319.0,300.0,357.0,531.0,579.0,653.0,1389.0,1856.0,1807.0,1164.0,779.0,519.0,484.0,431.0,343.0,303.0,286.0,192.0,17.0,1.0
0.0,0.0,0.0,0.0,0.0,0.0,0.0,0.0,0.0,33.0,88.0,158.0,217.0,343.0,508.0,464.0,386.0,346.0,361.0,384.0,349.0,426.0,517.0,367.0,422.0,374.0,400.0,419.0,533.0,617.0,720.0,816.0,1061.0,1201.0,2349.0,3751.0,4631.0,3346.0,2095.0,1315.0,1135.0,1042.0,941.0,729.0,544.0,168.0,33.0,9.0
1.0,0.0,0.0,0.0,0.0,0.0,0.0,0.0,0.0,16.0,48.0,81.0,144.0,248.0,362.0,403.0,393.0,317.0,331.0,339.0,361.0,340.0,357.0,377.0,374.0,322.0,345.0,392.0,451.0,555.0,705.0,924.0,1105.0,1358.0,2942.0,4654.0,5683.0,4472.0,2948.0,1980.0,1576.0,1425.0,1377.0,944.0,747.0,245.0,49.0,3.0
0.0,0.0,0.0,0.0,0.0,0.0,0.0,0.0,0.0,0.0,8.0,23.0,37.0,118.0,257.0,322.0,281.0,208.0,160.0,143.0,149.0,158.0,167.0,154.0,149.0,129.0,147.0,182.0,161.0,189.0,228.0,340.0,349.0,505.0,1097.0,1596.0,1681.0,1320.0,834.0,570.0,432.0,360.0,375.0,228.0,203.0,75.0,19.0,3.0
0.0,0.0,0.0,0.0,0.0,0.0,0.0,0.0,0.0,14.0,11.0,62.0,130.0,253.0,449.0,722.0,780.0,531.0,420.0,365.0,324.0,350.0,328.0,407.0,350.0,359.0,386.0,385.0,407.0,437.0,534.0,578.0,724.0,937.0,2000.0,3442.0,4097.0,3236.0,2267.0,1394.0,1084.0,989.0,949.0,636.0,446.0,174.0,30.0,4.0
0.0,0.0,0.0,0.0,0.0,0.0,0.0,0.0,0.0,4.0,11.0,29.0,86.0,201.0,463.0,755.0,886.0,650.0,453.0,270.0,164.0,165.0,146.0,145.0,190.0,168.0,188.0,182.0,214.0,206.0,225.0,343.0,387.0,500.0,1090.0,1556.0,1655.0,1265.0,797.0,543.0,491.0,386.0,337.0,247.0,180.0,55.0,14.0,1.0
0.0,0.0,0.0,0.0,0.0,0.0,0.0,0.0,0.0,6.0,16.0,68.0,193.0,560.0,1347.0,2014.0,2383.0,2034.0,1199.0,500.0,340.0,265.0,248.0,242.0,265.0,266.0,340.0,326.0,294.0,258.0,352.0,405.0,405.0,536.0,1024.0,1256.0,1277.0,896.0,624.0,395.0,305.0,281.0,258.0,225.0,137.0,56.0,9.0,0.0
0.0,0.0,0.0,0.0,0.0,0.0,0.0,0.0,0.0,8.0,28.0,78.0,204.0,654.0,1361.0,1998.0,2321.0,1775.0,1479.0,760.0,424.0,305.0,289.0,304.0,361.0,349.0,321.0,318.0,323.0,321.0,294.0,386.0,406.0,528.0,918.0,1097.0,1071.0,740.0,427.0,315.0,317.0,257.0,243.0,196.0,139.0,66.0,9.0,0.0
0.0,0.0,0.0,0.0,0.0,0.0,0.0,0.0,0.0,3.0,31.0,80.0,326.0,1212.0,2490.0,3077.0,2812.0,1824.0,1010.0,596.0,453.0,389.0,393.0,363.0,345.0,383.0,397.0,367.0,377.0,320.0,393.0,456.0,436.0,533.0,1058.0,1274.0,1207.0,852.0,558.0,426.0,334.0,328.0,322.0,236.0,221.0,66.0,11.0,0.0
0.0,0.0,0.0,0.0,0.0,0.0,0.0,0.0,0.0,2.0,18.0,83.0,228.0,732.0,1280.0,1488.0,1458.0,820.0,506.0,329.0,254.0,207.0,177.0,217.0,252.0,234.0,272.0,249.0,244.0,249.0,261.0,312.0,347.0,458.0,972.0,1330.0,1291.0,936.0,601.0,434.0,323.0,303.0,290.0,260.0,181.0,91.0,31.0,2.0
0.0,0.0,0.0,0.0,0.0,0.0,0.0,0.0,0.0,5.0,28.0,75.0,261.0,752.0,1705.0,2647.0,2559.0,1494.0,684.0,435.0,310.0,270.0,259.0,255.0,220.0,257.0,269.0,262.0,250.0,246.0,296.0,347.0,395.0,475.0,748.0,999.0,866.0,653.0,413.0,249.0,251.0,220.0,222.0,176.0,143.0,43.0,8.0,0.0
0.0,0.0,0.0,0.0,0.0,0.0,0.0,0.0,0.0,1.0,8.0,41.0,226.0,832.0,1525.0,1483.0,1144.0,604.0,358.0,231.0,213.0,179.0,154.0,172.0,196.0,201.0,219.0,181.0,221.0,232.0,318.0,294.0,300.0,425.0,799.0,947.0,762.0,461.0,309.0,192.0,195.0,201.0,172.0,109.0,114.0,44.0,7.0,0.0
0.0,0.0,0.0,0.0,0.0,0.0,0.0,0.0,0.0,0.0,7.0,41.0,236.0,759.0,765.0,716.0,978.0,779.0,546.0,327.0,242.0,220.0,188.0,189.0,166.0,180.0,186.0,184.0,184.0,180.0,203.0,226.0,294.0,351.0,584.0,803.0,771.0,538.0,321.0,214.0,145.0,151.0,155.0,144.0,99.0,41.0,13.0,0.0
0.0,0.0,0.0,0.0,0.0,0.0,0.0,0.0,0.0,3.0,24.0,51.0,233.0,604.0,724.0,719.0,673.0,469.0,300.0,256.0,162.0,130.0,109.0,105.0,107.0,110.0,147.0,149.0,128.0,173.0,154.0,160.0,151.0,187.0,303.0,382.0,372.0,234.0,139.0,103.0,111.0,103.0,94.0,71.0,73.0,20.0,3.0,0.0
0.0,0.0,0.0,0.0,0.0,0.0,0.0,0.0,0.0,1.0,8.0,82.0,323.0,863.0,1642.0,2193.0,1678.0,913.0,532.0,363.0,333.0,278.0,267.0,220.0,221.0,283.0,278.0,293.0,248.0,254.0,285.0,266.0,294.0,336.0,683.0,761.0,651.0,430.0,277.0,230.0,187.0,154.0,155.0,115.0,93.0,49.0,10.0,0.0
0.0,0.0,0.0,0.0,0.0,0.0,0.0,0.0,0.0,6.0,36.0,137.0,507.0,1356.0,1657.0,2367.0,2504.0,1802.0,1070.0,701.0,479.0,312.0,263.0,242.0,291.0,302.0,348.0,288.0,291.0,270.0,196.0,204.0,232.0,239.0,411.0,480.0,379.0,249.0,142.0,136.0,93.0,63.0,85.0,56.0,56.0,12.0,2.0,0.0
0.0,0.0,0.0,0.0,0.0,0.0,0.0,0.0,0.0,1.0,15.0,30.0,119.0,356.0,780.0,1360.0,1583.0,901.0,486.0,395.0,306.0,252.0,229.0,200.0,243.0,240.0,281.0,271.0,247.0,224.0,206.0,283.0,265.0,313.0,516.0,562.0,516.0,341.0,200.0,169.0,104.0,143.0,120.0,95.0,127.0,62.0,27.0,6.0
0.0,0.0,0.0,0.0,0.0,0.0,0.0,0.0,0.0,1.0,15.0,65.0,253.0,589.0,892.0,896.0,786.0,523.0,377.0,318.0,285.0,247.0,200.0,218.0,235.0,229.0,284.0,269.0,290.0,230.0,228.0,311.0,278.0,372.0,637.0,827.0,734.0,510.0,289.0,208.0,191.0,171.0,134.0,102.0,101.0,40.0,4.0,0.0
0.0,0.0,0.0,0.0,0.0,0.0,0.0,0.0,0.0,3.0,20.0,60.0,222.0,525.0,796.0,878.0,682.0,467.0,398.0,375.0,330.0,363.0,293.0,377.0,322.0,331.0,340.0,350.0,382.0,400.0,568.0,707.0,816.0,1050.0,2167.0,3026.0,3045.0,1917.0,1213.0,792.0,656.0,602.0,575.0,440.0,394.0,181.0,28.0,0.0
0.0,0.0,0.0,0.0,0.0,0.0,0.0,0.0,0.0,7.0,35.0,93.0,234.0,522.0,992.0,1189.0,928.0,604.0,481.0,424.0,395.0,387.0,409.0,384.0,344.0,346.0,342.0,367.0,376.0,366.0,480.0,617.0,615.0,838.0,1668.0,2304.0,2335.0,1493.0,873.0,602.0,529.0,446.0,484.0,359.0,343.0,138.0,18.0,1.0
0.0,0.0,0.0,0.0,0.0,0.0,0.0,0.0,0.0,12.0,31.0,59.0,229.0,629.0,925.0,1061.0,912.0,585.0,441.0,391.0,350.0,363.0,392.0,372.0,375.0,399.0,367.0,394.0,502.0,495.0,654.0,873.0,962.0,1170.0,2150.0,3283.0,3408.0,2282.0,1354.0,916.0,777.0,848.0,790.0,599.0,595.0,249.0,52.0,1.0
0.0,0.0,0.0,1.0,0.0,0.0,0.0,0.0,0.0,8.0,32.0,75.0,248.0,755.0,1699.0,1967.0,1451.0,760.0,500.0,384.0,349.0,304.0,306.0,307.0,342.0,350.0,366.0,400.0,386.0,347.0,448.0,501.0,643.0,792.0,1705.0,2200.0,2134.0,1387.0,838.0,636.0,478.0,464.0,506.0,384.0,263.0,79.0,23.0,0.0
0.0,0.0,0.0,0.0,0.0,0.0,0.0,0.0,0.0,1.0,5.0,30.0,92.0,215.0,400.0,587.0,419.0,237.0,115.0,76.0,78.0,74.0,73.0,66.0,84.0,96.0,85.0,101.0,105.0,99.0,140.0,141.0,211.0,302.0,600.0,737.0,697.0,486.0,284.0,184.0,169.0,162.0,152.0,92.0,78.0,30.0,10.0,1.0
0.0,0.0,0.0,0.0,0.0,0.0,0.0,0.0,0.0,4.0,22.0,35.0,141.0,489.0,1262.0,1753.0,1320.0,696.0,423.0,289.0,217.0,207.0,189.0,209.0,211.0,192.0,215.0,192.0,191.0,194.0,183.0,216.0,241.0,352.0,590.0,727.0,743.0,471.0,261.0,207.0,183.0,192.0,183.0,147.0,99.0,54.0,6.0,0.0
0.0,0.0,0.0,0.0,0.0,0.0,0.0,0.0,0.0,3.0,15.0,41.0,216.0,745.0,2042.0,3423.0,3132.0,1581.0,638.0,362.0,288.0,262.0,242.0,175.0,212.0,212.0,263.0,250.0,208.0,219.0,256.0,267.0,323.0,368.0,750.0,793.0,670.0,481.0,280.0,247.0,190.0,176.0,159.0,139.0,106.0,65.0,20.0,0.0
0.0,0.0,0.0,0.0,0.0,0.0,0.0,0.0,0.0,0.0,9.0,30.0,132.0,414.0,987.0,1286.0,1112.0,676.0,356.0,201.0,158.0,144.0,110.0,98.0,121.0,110.0,136.0,122.0,132.0,143.0,110.0,122.0,145.0,208.0,406.0,471.0,445.0,294.0,158.0,133.0,97.0,115.0,119.0,82.0,65.0,32.0,3.0,0.0
0.0,0.0,0.0,0.0,0.0,0.0,0.0,0.0,0.0,1.0,16.0,67.0,201.0,655.0,633.0,416.0,372.0,300.0,250.0,215.0,165.0,142.0,116.0,108.0,113.0,149.0,149.0,145.0,130.0,154.0,110.0,119.0,152.0,162.0,294.0,309.0,279.0,200.0,97.0,90.0,79.0,72.0,59.0,60.0,48.0,17.0,3.0,0.0
0.0,0.0,0.0,0.0,0.0,0.0,0.0,0.0,0.0,8.0,15.0,82.0,286.0,628.0,944.0,884.0,729.0,481.0,426.0,414.0,353.0,303.0,338.0,304.0,365.0,356.0,322.0,362.0,394.0,342.0,397.0,387.0,406.0,350.0,494.0,641.0,651.0,483.0,270.0,181.0,126.0,129.0,124.0,88.0,74.0,43.0,8.0,1.0
0.0,0.0,0.0,0.0,0.0,0.0,0.0,0.0,0.0,2.0,24.0,91.0,438.0,1138.0,2227.0,3867.0,4546.0,3021.0,2047.0,1175.0,721.0,561.0,437.0,415.0,527.0,518.0,511.0,513.0,509.0,359.0,365.0,343.0,387.0,431.0,620.0,770.0,645.0,496.0,294.0,149.0,167.0,161.0,121.0,81.0,82.0,36.0,9.0,0.0
0.0,1.0,0.0,0.0,0.0,0.0,0.0,0.0,0.0,0.0,21.0,52.0,226.0,636.0,1662.0,3451.0,4460.0,2968.0,1684.0,957.0,485.0,420.0,360.0,326.0,368.0,379.0,379.0,359.0,336.0,335.0,305.0,373.0,344.0,422.0,690.0,879.0,886.0,529.0,351.0,256.0,242.0,208.0,191.0,122.0,152.0,74.0,15.0,1.0
0.0,0.0,0.0,0.0,0.0,0.0,0.0,0.0,0.0,5.0,12.0,59.0,219.0,626.0,1179.0,1678.0,1682.0,1134.0,673.0,478.0,360.0,253.0,280.0,277.0,261.0,273.0,294.0,301.0,287.0,256.0,306.0,381.0,506.0,547.0,962.0,1363.0,1362.0,1037.0,638.0,465.0,400.0,373.0,323.0,294.0,225.0,103.0,19.0,2.0
0.0,0.0,0.0,0.0,0.0,0.0,0.0,0.0,0.0,0.0,10.0,42.0,130.0,310.0,694.0,1049.0,1062.0,749.0,529.0,334.0,280.0,272.0,267.0,292.0,283.0,239.0,288.0,288.0,306.0,337.0,423.0,512.0,579.0,720.0,1434.0,2140.0,2164.0,1628.0,964.0,752.0,633.0,565.0,524.0,400.0,366.0,123.0,26.0,4.0
0.0,0.0,0.0,0.0,0.0,0.0,0.0,0.0,0.0,1.0,19.0,47.0,154.0,388.0,798.0,1202.0,1257.0,1095.0,793.0,606.0,532.0,496.0,491.0,448.0,516.0,471.0,429.0,475.0,569.0,540.0,609.0,762.0,776.0,1089.0,2113.0,2745.0,2931.0,2114.0,1270.0,824.0,659.0,534.0,522.0,404.0,367.0,131.0,30.0,2.0
0.0,0.0,0.0,0.0,0.0,0.0,0.0,0.0,0.0,1.0,14.0,21.0,66.0,150.0,265.0,369.0,257.0,210.0,142.0,143.0,141.0,133.0,135.0,152.0,151.0,151.0,153.0,206.0,207.0,251.0,306.0,384.0,401.0,530.0,1070.0,1619.0,1890.0,1390.0,899.0,604.0,563.0,523.0,462.0,394.0,329.0,116.0,34.0,12.0
0.0,0.0,0.0,0.0,0.0,0.0,0.0,0.0,0.0,2.0,10.0,19.0,63.0,120.0,227.0,248.0,263.0,234.0,167.0,158.0,129.0,136.0,125.0,153.0,126.0,129.0,150.0,152.0,180.0,226.0,256.0,360.0,397.0,498.0,1117.0,1765.0,2125.0,1477.0,951.0,647.0,532.0,493.0,448.0,341.0,262.0,119.0,24.0,3.0
0.0,0.0,0.0,0.0,0.0,0.0,0.0,0.0,0.0,3.0,16.0,20.0,37.0,121.0,228.0,417.0,462.0,382.0,292.0,208.0,215.0,206.0,231.0,216.0,253.0,230.0,233.0,241.0,257.0,321.0,351.0,491.0,502.0,733.0,1576.0,2244.0,2277.0,1666.0,1022.0,669.0,544.0,491.0,428.0,326.0,244.0,149.0,40.0,5.0
0.0,0.0,0.0,0.0,0.0,0.0,0.0,0.0,0.0,11.0,30.0,63.0,162.0,317.0,498.0,598.0,480.0,379.0,372.0,301.0,289.0,273.0,305.0,305.0,345.0,337.0,312.0,337.0,438.0,476.0,577.0,723.0,727.0,936.0,1798.0,2714.0,3190.0,2337.0,1560.0,1012.0,783.0,678.0,654.0,514.0,428.0,181.0,56.0,6.0
0.0,0.0,0.0,0.0,0.0,0.0,0.0,0.0,0.0,6.0,11.0,25.0,53.0,121.0,183.0,196.0,143.0,103.0,90.0,90.0,108.0,104.0,116.0,135.0,118.0,104.0,140.0,145.0,135.0,174.0,205.0,273.0,285.0,402.0,860.0,1269.0,1333.0,910.0,535.0,432.0,394.0,305.0,277.0,184.0,170.0,36.0,9.0,0.0
0.0,0.0,0.0,0.0,0.0,0.0,0.0,0.0,0.0,3.0,14.0,7.0,25.0,47.0,56.0,54.0,32.0,40.0,39.0,39.0,33.0,45.0,49.0,48.0,33.0,37.0,42.0,37.0,44.0,54.0,66.0,61.0,95.0,134.0,219.0,347.0,408.0,210.0,128.0,88.0,75.0,66.0,68.0,44.0,35.0,13.0,5.0,0.0
0.0,0.0,0.0,0.0,0.0,0.0,0.0,0.0,0.0,0.0,6.0,5.0,20.0,41.0,62.0,68.0,62.0,58.0,51.0,50.0,65.0,63.0,59.0,59.0,58.0,62.0,80.0,77.0,102.0,110.0,165.0,182.0,229.0,344.0,773.0,1059.0,1025.0,636.0,363.0,288.0,197.0,189.0,161.0,115.0,97.0,31.0,1.0,0.0
0.0,0.0,0.0,0.0,0.0,0.0,0.0,0.0,0.0,0.0,3.0,2.0,5.0,3.0,11.0,16.0,12.0,12.0,12.0,12.0,20.0,15.0,14.0,14.0,11.0,16.0,13.0,15.0,13.0,22.0,30.0,35.0,41.0,37.0,90.0,130.0,123.0,72.0,40.0,23.0,20.0,16.0,14.0,16.0,10.0,6.0,0.0,0.0
0.0,0.0,0.0,0.0,0.0,0.0,0.0,0.0,0.0,5.0,0.0,3.0,5.0,8.0,16.0,14.0,11.0,24.0,12.0,17.0,18.0,9.0,14.0,15.0,14.0,13.0,34.0,17.0,24.0,29.0,31.0,34.0,50.0,48.0,113.0,153.0,169.0,87.0,55.0,32.0,30.0,13.0,11.0,12.0,13.0,3.0,0.0,0.0
0.0,0.0,0.0,0.0,0.0,0.0,0.0,0.0,0.0,0.0,6.0,2.0,9.0,10.0,24.0,28.0,30.0,31.0,27.0,17.0,27.0,25.0,27.0,27.0,16.0,18.0,33.0,23.0,33.0,38.0,44.0,65.0,57.0,90.0,181.0,259.0,254.0,134.0,66.0,35.0,34.0,29.0,31.0,23.0,27.0,9.0,2.0,2.0
1.0,0.0,0.0,0.0,0.0,0.0,0.0,0.0,0.0,27.0,173.0,467.0,786.0,1207.0,1864.0,2458.0,2025.0,1522.0,1306.0,1181.0,1076.0,1014.0,975.0,1012.0,1038.0,1048.0,1105.0,1034.0,980.0,873.0,972.0,915.0,922.0,970.0,1195.0,1307.0,1350.0,1094.0,836.0,790.0,692.0,635.0,470.0,333.0,203.0,68.0,15.0,8.0
0.0,0.0,0.0,0.0,0.0,0.0,0.0,0.0,0.0,1.0,2.0,32.0,86.0,242.0,515.0,731.0,589.0,291.0,197.0,155.0,101.0,95.0,111.0,119.0,104.0,120.0,131.0,160.0,149.0,125.0,170.0,181.0,207.0,279.0,593.0,698.0,697.0,475.0,264.0,178.0,154.0,153.0,140.0,107.0,62.0,12.0,1.0,0.0
0.0,0.0,0.0,0.0,0.0,0.0,0.0,0.0,0.0,1.0,5.0,26.0,73.0,236.0,435.0,636.0,475.0,233.0,188.0,138.0,152.0,138.0,141.0,158.0,123.0,155.0,155.0,165.0,143.0,187.0,208.0,283.0,340.0,536.0,1118.0,1549.0,1320.0,860.0,541.0,323.0,323.0,327.0,295.0,207.0,142.0,45.0,2.0,0.0
0.0,0.0,0.0,0.0,0.0,0.0,0.0,0.0,0.0,3.0,19.0,51.0,153.0,546.0,1220.0,1446.0,1113.0,576.0,330.0,253.0,243.0,216.0,194.0,192.0,234.0,199.0,212.0,253.0,214.0,214.0,194.0,222.0,250.0,335.0,555.0,636.0,604.0,392.0,264.0,143.0,131.0,138.0,128.0,64.0,70.0,16.0,1.0,0.0
0.0,0.0,0.0,0.0,0.0,0.0,0.0,0.0,0.0,0.0,6.0,7.0,51.0,201.0,336.0,401.0,313.0,243.0,147.0,102.0,77.0,70.0,79.0,59.0,70.0,65.0,88.0,53.0,75.0,60.0,101.0,86.0,78.0,144.0,263.0,252.0,296.0,173.0,97.0,70.0,71.0,48.0,54.0,66.0,34.0,19.0,3.0,1.0
0.0,0.0,0.0,0.0,0.0,0.0,0.0,0.0,0.0,0.0,2.0,14.0,61.0,160.0,247.0,303.0,292.0,184.0,184.0,117.0,109.0,86.0,90.0,72.0,89.0,94.0,89.0,86.0,104.0,76.0,79.0,73.0,84.0,119.0,145.0,158.0,161.0,96.0,85.0,59.0,44.0,52.0,47.0,46.0,29.0,6.0,2.0,3.0
0.0,0.0,0.0,0.0,0.0,0.0,0.0,0.0,0.0,0.0,1.0,10.0,38.0,81.0,178.0,301.0,265.0,162.0,83.0,61.0,40.0,33.0,37.0,47.0,38.0,55.0,47.0,54.0,45.0,52.0,52.0,59.0,61.0,67.0,133.0,157.0,137.0,98.0,75.0,56.0,54.0,41.0,19.0,32.0,24.0,5.0,2.0,0.0
0.0,0.0,0.0,0.0,0.0,0.0,0.0,0.0,0.0,0.0,2.0,24.0,99.0,279.0,609.0,1135.0,1053.0,581.0,340.0,178.0,152.0,117.0,112.0,138.0,158.0,133.0,136.0,129.0,144.0,145.0,156.0,218.0,225.0,295.0,542.0,664.0,585.0,371.0,249.0,185.0,138.0,152.0,147.0,98.0,92.0,52.0,6.0,0.0
0.0,0.0,0.0,0.0,0.0,0.0,0.0,0.0,0.0,0.0,3.0,8.0,42.0,151.0,329.0,592.0,660.0,389.0,198.0,114.0,105.0,102.0,71.0,84.0,91.0,104.0,87.0,115.0,92.0,97.0,112.0,131.0,171.0,172.0,386.0,482.0,430.0,268.0,167.0,109.0,116.0,95.0,108.0,96.0,74.0,25.0,3.0,4.0
0.0,0.0,0.0,0.0,0.0,0.0,0.0,0.0,0.0,0.0,6.0,9.0,32.0,114.0,207.0,434.0,429.0,243.0,191.0,100.0,107.0,88.0,85.0,91.0,68.0,84.0,78.0,87.0,86.0,76.0,93.0,97.0,139.0,172.0,257.0,353.0,265.0,224.0,106.0,86.0,81.0,81.0,75.0,54.0,43.0,14.0,9.0,3.0
0.0,0.0,0.0,0.0,0.0,0.0,0.0,0.0,0.0,0.0,1.0,5.0,37.0,114.0,338.0,661.0,504.0,305.0,182.0,96.0,72.0,63.0,73.0,50.0,69.0,68.0,73.0,73.0,68.0,61.0,52.0,57.0,67.0,77.0,131.0,144.0,158.0,90.0,58.0,40.0,36.0,34.0,34.0,32.0,32.0,4.0,0.0,2.0
0.0,0.0,0.0,0.0,0.0,0.0,0.0,0.0,0.0,0.0,7.0,19.0,63.0,126.0,442.0,664.0,593.0,351.0,239.0,116.0,96.0,93.0,80.0,97.0,108.0,108.0,114.0,119.0,89.0,103.0,104.0,136.0,148.0,155.0,298.0,442.0,463.0,316.0,178.0,121.0,126.0,109.0,115.0,102.0,50.0,34.0,10.0,0.0
0.0,0.0,0.0,0.0,0.0,0.0,0.0,0.0,0.0,0.0,1.0,0.0,1.0,5.0,19.0,27.0,33.0,41.0,6.0,2.0,4.0,7.0,2.0,0.0,4.0,16.0,5.0,2.0,3.0,6.0,7.0,6.0,4.0,4.0,7.0,18.0,10.0,6.0,1.0,7.0,2.0,2.0,5.0,3.0,2.0,0.0,1.0,0.0
0.0,0.0,0.0,0.0,0.0,0.0,0.0,0.0,0.0,0.0,3.0,7.0,22.0,38.0,77.0,103.0,83.0,68.0,69.0,52.0,41.0,43.0,35.0,40.0,43.0,43.0,36.0,43.0,44.0,57.0,62.0,85.0,84.0,103.0,149.0,243.0,224.0,132.0,98.0,63.0,62.0,72.0,73.0,48.0,30.0,17.0,2.0,0.0
0.0,0.0,0.0,0.0,0.0,0.0,0.0,0.0,0.0,1.0,5.0,11.0,27.0,40.0,73.0,93.0,96.0,102.0,103.0,78.0,94.0,78.0,54.0,84.0,76.0,79.0,66.0,73.0,105.0,120.0,135.0,198.0,214.0,264.0,494.0,681.0,610.0,311.0,185.0,166.0,129.0,110.0,112.0,80.0,64.0,30.0,2.0,0.0
0.0,0.0,0.0,0.0,0.0,0.0,0.0,0.0,0.0,0.0,2.0,11.0,23.0,25.0,28.0,23.0,36.0,27.0,30.0,22.0,27.0,27.0,24.0,41.0,24.0,31.0,35.0,29.0,46.0,61.0,72.0,84.0,86.0,130.0,270.0,348.0,366.0,220.0,153.0,100.0,84.0,93.0,74.0,60.0,63.0,30.0,8.0,0.0
1.0,0.0,0.0,0.0,0.0,0.0,0.0,0.0,0.0,0.0,8.0,14.0,15.0,37.0,69.0,44.0,46.0,32.0,39.0,27.0,33.0,25.0,28.0,26.0,28.0,27.0,36.0,49.0,41.0,59.0,74.0,75.0,74.0,95.0,154.0,207.0,201.0,134.0,74.0,52.0,47.0,38.0,25.0,24.0,32.0,10.0,5.0,1.0
0.0,0.0,0.0,0.0,0.0,0.0,0.0,0.0,0.0,7.0,9.0,21.0,62.0,160.0,257.0,279.0,226.0,120.0,83.0,80.0,95.0,92.0,95.0,101.0,105.0,115.0,98.0,115.0,117.0,161.0,194.0,184.0,241.0,325.0,663.0,1422.0,1916.0,1380.0,943.0,608.0,469.0,408.0,350.0,266.0,153.0,55.0,10.0,0.0
0.0,0.0,0.0,0.0,0.0,0.0,0.0,0.0,0.0,2.0,6.0,25.0,65.0,119.0,141.0,95.0,91.0,74.0,51.0,54.0,67.0,55.0,62.0,39.0,58.0,68.0,76.0,77.0,73.0,74.0,95.0,89.0,120.0,125.0,280.0,445.0,499.0,355.0,258.0,176.0,141.0,129.0,123.0,68.0,62.0,4.0,0.0,0.0
0.0,0.0,0.0,0.0,0.0,0.0,0.0,0.0,0.0,1.0,3.0,6.0,22.0,75.0,105.0,74.0,58.0,37.0,26.0,29.0,26.0,39.0,25.0,37.0,41.0,30.0,37.0,35.0,47.0,48.0,63.0,78.0,108.0,150.0,327.0,512.0,623.0,442.0,277.0,193.0,153.0,125.0,127.0,102.0,49.0,15.0,3.0,0.0
0.0,0.0,0.0,0.0,0.0,0.0,0.0,0.0,0.0,2.0,11.0,25.0,63.0,168.0,233.0,297.0,244.0,174.0,140.0,101.0,136.0,129.0,130.0,118.0,137.0,128.0,146.0,134.0,184.0,201.0,258.0,289.0,375.0,481.0,1195.0,2447.0,2966.0,2336.0,1580.0,990.0,707.0,589.0,589.0,366.0,190.0,41.0,5.0,1.0
0.0,0.0,0.0,0.0,0.0,0.0,0.0,0.0,0.0,6.0,24.0,33.0,82.0,171.0,287.0,298.0,355.0,307.0,199.0,156.0,169.0,157.0,170.0,206.0,193.0,199.0,216.0,217.0,285.0,309.0,359.0,473.0,571.0,811.0,1876.0,3621.0,4449.0,3654.0,2311.0,1491.0,1086.0,864.0,858.0,548.0,372.0,148.0,54.0,11.0
0.0,0.0,0.0,0.0,0.0,0.0,0.0,0.0,0.0,2.0,17.0,51.0,115.0,329.0,600.0,750.0,647.0,357.0,218.0,171.0,150.0,167.0,202.0,186.0,193.0,160.0,212.0,179.0,231.0,277.0,314.0,330.0,396.0,560.0,1271.0,1953.0,2192.0,1700.0,1106.0,695.0,572.0,400.0,422.0,264.0,150.0,39.0,0.0,0.0
0.0,0.0,0.0,0.0,0.0,0.0,0.0,0.0,0.0,1.0,6.0,10.0,32.0,113.0,390.0,739.0,919.0,650.0,362.0,234.0,124.0,81.0,57.0,53.0,59.0,58.0,66.0,57.0,48.0,45.0,58.0,85.0,88.0,105.0,245.0,370.0,430.0,303.0,220.0,144.0,131.0,99.0,95.0,67.0,33.0,8.0,2.0,0.0
0.0,0.0,0.0,0.0,0.0,0.0,0.0,0.0,0.0,2.0,25.0,38.0,123.0,298.0,500.0,679.0,641.0,435.0,288.0,156.0,173.0,162.0,168.0,167.0,174.0,147.0,166.0,183.0,205.0,207.0,253.0,291.0,368.0,511.0,1082.0,1715.0,1952.0,1324.0,867.0,570.0,507.0,449.0,406.0,289.0,149.0,28.0,2.0,0.0
0.0,0.0,0.0,0.0,0.0,0.0,0.0,0.0,0.0,1.0,7.0,18.0,56.0,137.0,310.0,331.0,374.0,251.0,126.0,99.0,67.0,65.0,58.0,60.0,54.0,67.0,65.0,55.0,53.0,94.0,79.0,115.0,131.0,168.0,387.0,454.0,429.0,309.0,171.0,132.0,115.0,89.0,77.0,59.0,31.0,8.0,0.0,0.0
0.0,0.0,0.0,0.0,0.0,0.0,0.0,0.0,0.0,0.0,1.0,9.0,17.0,65.0,99.0,127.0,106.0,112.0,92.0,58.0,44.0,40.0,25.0,35.0,49.0,66.0,66.0,39.0,33.0,40.0,29.0,46.0,46.0,37.0,98.0,116.0,101.0,58.0,31.0,15.0,23.0,14.0,7.0,10.0,5.0,1.0,0.0,0.0
0.0,0.0,0.0,0.0,0.0,0.0,0.0,0.0,0.0,3.0,12.0,33.0,116.0,313.0,948.0,1990.0,2426.0,1120.0,721.0,404.0,218.0,169.0,170.0,158.0,201.0,211.0,238.0,180.0,172.0,192.0,165.0,192.0,208.0,236.0,381.0,482.0,507.0,373.0,238.0,135.0,84.0,73.0,75.0,42.0,38.0,15.0,0.0,0.0
0.0,0.0,0.0,0.0,0.0,0.0,0.0,0.0,0.0,1.0,3.0,8.0,21.0,119.0,352.0,712.0,615.0,361.0,180.0,105.0,72.0,73.0,63.0,80.0,80.0,91.0,118.0,99.0,88.0,89.0,104.0,87.0,64.0,93.0,91.0,131.0,115.0,119.0,57.0,45.0,44.0,18.0,11.0,9.0,4.0,3.0,1.0,0.0
0.0,0.0,0.0,0.0,0.0,0.0,0.0,0.0,1.0,3.0,15.0,44.0,118.0,345.0,751.0,999.0,866.0,461.0,272.0,191.0,149.0,116.0,119.0,115.0,127.0,125.0,136.0,97.0,120.0,106.0,109.0,138.0,185.0,232.0,429.0,583.0,535.0,381.0,262.0,140.0,129.0,140.0,121.0,97.0,58.0,44.0,4.0,0.0
0.0,0.0,0.0,0.0,0.0,0.0,0.0,0.0,0.0,0.0,8.0,16.0,123.0,452.0,1047.0,1582.0,1345.0,623.0,333.0,217.0,153.0,122.0,118.0,108.0,149.0,116.0,131.0,121.0,126.0,130.0,130.0,142.0,225.0,257.0,597.0,687.0,753.0,424.0,294.0,184.0,189.0,163.0,160.0,106.0,73.0,7.0,0.0,1.0
0.0,0.0,0.0,0.0,0.0,0.0,0.0,0.0,0.0,1.0,2.0,7.0,37.0,78.0,122.0,140.0,111.0,116.0,114.0,81.0,84.0,47.0,71.0,67.0,65.0,92.0,76.0,68.0,68.0,64.0,70.0,83.0,94.0,127.0,180.0,242.0,277.0,180.0,108.0,71.0,61.0,47.0,59.0,40.0,21.0,1.0,0.0,0.0
0.0,0.0,0.0,0.0,0.0,0.0,0.0,0.0,0.0,2.0,13.0,70.0,251.0,798.0,1145.0,1263.0,911.0,529.0,345.0,198.0,161.0,128.0,114.0,134.0,141.0,169.0,165.0,165.0,161.0,167.0,165.0,149.0,225.0,264.0,371.0,474.0,457.0,289.0,189.0,145.0,132.0,121.0,121.0,86.0,67.0,25.0,0.0,0.0
1.0,0.0,0.0,0.0,0.0,0.0,0.0,0.0,0.0,3.0,38.0,120.0,263.0,472.0,742.0,731.0,573.0,421.0,395.0,333.0,332.0,354.0,364.0,360.0,353.0,352.0,347.0,384.0,399.0,474.0,539.0,573.0,633.0,877.0,1665.0,2310.0,2033.0,1259.0,770.0,495.0,410.0,319.0,362.0,226.0,175.0,33.0,12.0,2.0
0.0,0.0,0.0,0.0,0.0,0.0,0.0,0.0,0.0,2.0,30.0,61.0,89.0,198.0,320.0,444.0,387.0,238.0,192.0,190.0,175.0,143.0,145.0,163.0,172.0,169.0,150.0,163.0,149.0,175.0,149.0,206.0,229.0,264.0,528.0,633.0,618.0,379.0,228.0,194.0,137.0,155.0,123.0,87.0,92.0,31.0,9.0,0.0
0.0,0.0,0.0,0.0,0.0,0.0,0.0,0.0,0.0,1.0,7.0,45.0,113.0,275.0,569.0,673.0,489.0,318.0,236.0,176.0,163.0,171.0,182.0,174.0,176.0,167.0,206.0,174.0,201.0,178.0,217.0,232.0,306.0,401.0,878.0,990.0,900.0,625.0,366.0,248.0,165.0,183.0,194.0,132.0,101.0,28.0,10.0,0.0
0.0,0.0,0.0,0.0,0.0,0.0,0.0,0.0,0.0,4.0,7.0,19.0,45.0,151.0,221.0,303.0,200.0,132.0,120.0,74.0,81.0,77.0,101.0,75.0,95.0,87.0,98.0,79.0,108.0,128.0,129.0,138.0,198.0,253.0,493.0,647.0,638.0,382.0,218.0,171.0,132.0,116.0,157.0,90.0,89.0,29.0,6.0,0.0
0.0,0.0,0.0,0.0,0.0,0.0,0.0,0.0,0.0,2.0,11.0,31.0,131.0,346.0,419.0,364.0,246.0,178.0,130.0,128.0,124.0,122.0,123.0,121.0,112.0,105.0,94.0,141.0,163.0,155.0,188.0,216.0,297.0,406.0,785.0,1171.0,1057.0,616.0,379.0,346.0,254.0,255.0,227.0,167.0,139.0,38.0,4.0,1.0
0.0,0.0,0.0,0.0,0.0,0.0,0.0,0.0,0.0,0.0,8.0,30.0,95.0,313.0,618.0,777.0,433.0,200.0,124.0,108.0,121.0,112.0,91.0,109.0,89.0,114.0,97.0,120.0,119.0,115.0,156.0,166.0,184.0,262.0,531.0,712.0,684.0,395.0,230.0,171.0,159.0,159.0,135.0,98.0,81.0,15.0,8.0,1.0
0.0,0.0,0.0,0.0,0.0,0.0,0.0,0.0,0.0,0.0,10.0,57.0,169.0,818.0,2323.0,3577.0,2977.0,1182.0,396.0,234.0,172.0,167.0,145.0,121.0,158.0,202.0,161.0,162.0,127.0,119.0,81.0,82.0,101.0,98.0,112.0,163.0,130.0,90.0,56.0,44.0,44.0,40.0,40.0,19.0,15.0,5.0,0.0,0.0
0.0,0.0,0.0,0.0,0.0,0.0,0.0,0.0,0.0,0.0,3.0,12.0,31.0,111.0,176.0,171.0,150.0,80.0,53.0,34.0,29.0,35.0,31.0,26.0,56.0,28.0,28.0,24.0,36.0,41.0,67.0,55.0,82.0,95.0,179.0,226.0,195.0,123.0,92.0,47.0,28.0,56.0,46.0,42.0,43.0,36.0,14.0,3.0
0.0,0.0,0.0,0.0,0.0,0.0,0.0,0.0,0.0,0.0,3.0,20.0,71.0,265.0,735.0,933.0,759.0,421.0,274.0,163.0,151.0,160.0,135.0,148.0,148.0,136.0,160.0,152.0,145.0,149.0,149.0,189.0,203.0,310.0,511.0,545.0,546.0,354.0,179.0,150.0,86.0,99.0,93.0,99.0,246.0,109.0,12.0,1.0
0.0,0.0,0.0,0.0,0.0,0.0,0.0,0.0,0.0,2.0,12.0,86.0,342.0,1246.0,2877.0,5120.0,4903.0,3380.0,2261.0,1107.0,666.0,438.0,403.0,386.0,447.0,469.0,486.0,445.0,449.0,375.0,382.0,327.0,375.0,443.0,706.0,878.0,815.0,582.0,390.0,248.0,238.0,198.0,195.0,164.0,94.0,26.0,10.0,1.0
0.0,0.0,0.0,0.0,0.0,0.0,0.0,0.0,0.0,0.0,8.0,41.0,212.0,693.0,1403.0,1748.0,1587.0,1184.0,755.0,257.0,130.0,135.0,127.0,107.0,128.0,151.0,140.0,144.0,171.0,106.0,113.0,141.0,135.0,216.0,377.0,465.0,463.0,302.0,200.0,135.0,123.0,115.0,105.0,72.0,55.0,19.0,6.0,0.0
0.0,0.0,0.0,0.0,0.0,0.0,0.0,0.0,0.0,7.0,34.0,102.0,233.0,784.0,2236.0,3837.0,3903.0,2799.0,1641.0,787.0,441.0,367.0,330.0,339.0,358.0,379.0,385.0,395.0,339.0,357.0,352.0,385.0,399.0,420.0,788.0,1136.0,1215.0,918.0,590.0,452.0,430.0,393.0,414.0,296.0,172.0,74.0,14.0,7.0
0.0,0.0,0.0,0.0,0.0,0.0,0.0,0.0,0.0,4.0,42.0,128.0,360.0,1180.0,2623.0,3431.0,2699.0,1872.0,1209.0,569.0,395.0,326.0,335.0,349.0,416.0,383.0,354.0,325.0,325.0,301.0,278.0,302.0,340.0,386.0,629.0,829.0,746.0,619.0,402.0,294.0,240.0,264.0,222.0,188.0,99.0,30.0,6.0,1.0
0.0,0.0,0.0,0.0,0.0,0.0,0.0,0.0,0.0,3.0,12.0,68.0,290.0,935.0,1984.0,2601.0,2577.0,1659.0,816.0,480.0,373.0,438.0,317.0,346.0,343.0,358.0,329.0,344.0,363.0,329.0,357.0,415.0,468.0,671.0,1151.0,1544.0,1586.0,1099.0,670.0,512.0,422.0,399.0,335.0,283.0,160.0,29.0,11.0,4.0
0.0,0.0,0.0,0.0,0.0,0.0,0.0,0.0,0.0,1.0,10.0,69.0,247.0,924.0,2093.0,3120.0,3149.0,1917.0,1057.0,463.0,336.0,290.0,303.0,263.0,298.0,307.0,309.0,299.0,279.0,261.0,258.0,306.0,295.0,407.0,726.0,1016.0,1074.0,749.0,537.0,318.0,245.0,234.0,241.0,149.0,124.0,43.0,5.0,4.0
0.0,0.0,0.0,0.0,0.0,0.0,0.0,0.0,0.0,2.0,15.0,52.0,233.0,746.0,1449.0,1969.0,1626.0,847.0,482.0,297.0,254.0,191.0,197.0,208.0,233.0,223.0,225.0,190.0,177.0,230.0,201.0,204.0,220.0,278.0,488.0,670.0,664.0,491.0,314.0,231.0,191.0,167.0,177.0,143.0,98.0,39.0,3.0,0.0
0.0,0.0,0.0,0.0,0.0,0.0,0.0,0.0,0.0,3.0,22.0,84.0,279.0,1007.0,1884.0,2278.0,1728.0,827.0,459.0,292.0,239.0,238.0,207.0,218.0,216.0,264.0,268.0,229.0,259.0,276.0,314.0,353.0,408.0,553.0,1065.0,1543.0,1778.0,1406.0,888.0,578.0,482.0,408.0,403.0,320.0,232.0,93.0,13.0,3.0
0.0,0.0,0.0,0.0,0.0,0.0,0.0,0.0,0.0,3.0,21.0,43.0,154.0,575.0,1253.0,1927.0,1683.0,1316.0,918.0,577.0,394.0,349.0,347.0,373.0,336.0,373.0,359.0,340.0,361.0,404.0,399.0,472.0,572.0,737.0,1168.0,1764.0,1823.0,1308.0,827.0,503.0,438.0,357.0,368.0,261.0,195.0,61.0,10.0,0.0
0.0,0.0,0.0,0.0,0.0,0.0,0.0,0.0,0.0,12.0,76.0,210.0,454.0,1216.0,3498.0,6180.0,5991.0,3902.0,2243.0,1174.0,799.0,654.0,591.0,623.0,697.0,680.0,713.0,629.0,655.0,591.0,578.0,585.0,622.0,722.0,1099.0,1518.0,1591.0,1146.0,744.0,416.0,401.0,371.0,315.0,220.0,167.0,41.0,8.0,2.0
0.0,0.0,0.0,0.0,0.0,0.0,0.0,0.0,0.0,2.0,43.0,126.0,326.0,982.0,2499.0,4260.0,4580.0,3107.0,1736.0,887.0,608.0,460.0,423.0,382.0,434.0,463.0,486.0,454.0,500.0,440.0,382.0,377.0,374.0,442.0,768.0,954.0,1002.0,775.0,426.0,319.0,238.0,230.0,235.0,162.0,154.0,55.0,7.0,0.0
0.0,0.0,0.0,0.0,0.0,0.0,0.0,0.0,0.0,0.0,8.0,27.0,78.0,239.0,496.0,605.0,619.0,389.0,233.0,156.0,103.0,91.0,67.0,75.0,58.0,72.0,64.0,87.0,72.0,75.0,66.0,71.0,86.0,81.0,196.0,245.0,210.0,167.0,92.0,68.0,43.0,57.0,57.0,31.0,32.0,8.0,2.0,0.0
0.0,0.0,0.0,0.0,0.0,0.0,0.0,0.0,0.0,4.0,26.0,113.0,334.0,894.0,2005.0,3774.0,4399.0,3022.0,1855.0,1094.0,673.0,519.0,514.0,478.0,524.0,551.0,534.0,513.0,523.0,479.0,490.0,476.0,521.0,565.0,982.0,1218.0,1361.0,962.0,665.0,425.0,347.0,286.0,301.0,216.0,136.0,60.0,16.0,1.0
0.0,0.0,0.0,0.0,0.0,0.0,0.0,0.0,0.0,3.0,14.0,78.0,219.0,673.0,2204.0,4864.0,6041.0,4356.0,2897.0,1433.0,658.0,483.0,382.0,392.0,394.0,491.0,465.0,417.0,358.0,313.0,274.0,269.0,260.0,278.0,344.0,468.0,406.0,305.0,181.0,104.0,55.0,78.0,65.0,42.0,52.0,15.0,3.0,0.0
0.0,0.0,0.0,0.0,0.0,0.0,0.0,0.0,0.0,3.0,25.0,61.0,172.0,524.0,1550.0,3038.0,3322.0,2242.0,1509.0,902.0,660.0,654.0,575.0,578.0,656.0,610.0,666.0,627.0,578.0,590.0,608.0,700.0,737.0,920.0,1624.0,2276.0,2580.0,1929.0,1224.0,757.0,552.0,587.0,514.0,422.0,382.0,114.0,2.0,0.0
0.0,0.0,0.0,0.0,0.0,0.0,0.0,0.0,0.0,3.0,17.0,120.0,369.0,653.0,1178.0,1762.0,1701.0,1127.0,772.0,514.0,488.0,449.0,448.0,415.0,430.0,445.0,461.0,469.0,447.0,542.0,557.0,603.0,799.0,1013.0,2010.0,2824.0,3098.0,2219.0,1433.0,914.0,736.0,649.0,674.0,497.0,397.0,122.0,8.0,0.0
0.0,0.0,0.0,0.0,0.0,0.0,0.0,0.0,0.0,0.0,17.0,36.0,178.0,620.0,1436.0,2179.0,1827.0,1180.0,717.0,360.0,238.0,219.0,198.0,148.0,189.0,175.0,178.0,174.0,159.0,168.0,174.0,158.0,196.0,224.0,389.0,599.0,589.0,414.0,328.0,206.0,165.0,146.0,111.0,109.0,89.0,39.0,3.0,1.0
0.0,0.0,0.0,0.0,0.0,0.0,0.0,0.0,0.0,7.0,30.0,119.0,385.0,1304.0,2946.0,4919.0,4880.0,3666.0,2721.0,1390.0,751.0,570.0,491.0,525.0,531.0,545.0,593.0,504.0,472.0,429.0,435.0,424.0,535.0,636.0,1070.0,1490.0,1488.0,1058.0,732.0,476.0,354.0,313.0,337.0,264.0,170.0,64.0,14.0,0.0
0.0,0.0,0.0,0.0,0.0,0.0,0.0,0.0,0.0,13.0,25.0,86.0,237.0,808.0,1787.0,2852.0,2918.0,1872.0,1173.0,593.0,352.0,392.0,390.0,372.0,360.0,406.0,397.0,358.0,381.0,417.0,420.0,491.0,610.0,712.0,1369.0,1946.0,2204.0,1705.0,1071.0,699.0,565.0,530.0,500.0,390.0,246.0,67.0,18.0,2.0
0.0,0.0,0.0,0.0,0.0,0.0,0.0,0.0,0.0,11.0,43.0,137.0,581.0,2098.0,5609.0,9299.0,10430.0,8853.0,6219.0,2842.0,1049.0,644.0,493.0,516.0,545.0,567.0,559.0,475.0,508.0,422.0,427.0,496.0,555.0,723.0,1255.0,1926.0,2197.0,1708.0,1242.0,784.0,645.0,565.0,511.0,352.0,257.0,71.0,19.0,7.0
0.0,0.0,0.0,0.0,0.0,0.0,0.0,0.0,0.0,12.0,60.0,87.0,204.0,451.0,537.0,582.0,448.0,359.0,319.0,324.0,311.0,343.0,338.0,335.0,339.0,359.0,353.0,352.0,428.0,477.0,545.0,635.0,691.0,954.0,1969.0,3372.0,4171.0,3096.0,2150.0,1412.0,1129.0,925.0,851.0,572.0,375.0,98.0,27.0,19.0
1.0,0.0,0.0,0.0,0.0,0.0,0.0,0.0,0.0,13.0,40.0,69.0,133.0,261.0,307.0,377.0,374.0,352.0,278.0,272.0,281.0,276.0,294.0,300.0,286.0,315.0,342.0,347.0,398.0,406.0,535.0,618.0,778.0,1090.0,2208.0,3867.0,4639.0,3833.0,2744.0,1656.0,1260.0,1067.0,941.0,617.0,389.0,176.0,54.0,10.0
0.0,0.0,0.0,0.0,0.0,0.0,0.0,0.0,0.0,1.0,1.0,18.0,79.0,155.0,263.0,340.0,335.0,256.0,205.0,120.0,116.0,97.0,113.0,112.0,125.0,121.0,116.0,110.0,106.0,142.0,162.0,184.0,291.0,437.0,883.0,1398.0,1550.0,1207.0,782.0,525.0,415.0,319.0,320.0,175.0,114.0,36.0,4.0,1.0
0.0,0.0,0.0,0.0,0.0,0.0,0.0,0.0,0.0,6.0,14.0,67.0,177.0,527.0,1142.0,2388.0,2661.0,2023.0,1067.0,468.0,295.0,278.0,243.0,231.0,263.0,237.0,237.0,231.0,232.0,218.0,220.0,218.0,277.0,384.0,850.0,1116.0,1053.0,554.0,296.0,222.0,178.0,144.0,138.0,97.0,72.0,41.0,3.0,0.0
0.0,0.0,0.0,0.0,0.0,0.0,0.0,0.0,0.0,4.0,5.0,21.0,98.0,311.0,545.0,797.0,753.0,470.0,253.0,143.0,105.0,90.0,97.0,79.0,82.0,86.0,89.0,83.0,107.0,108.0,99.0,118.0,131.0,236.0,396.0,500.0,482.0,339.0,230.0,106.0,110.0,105.0,90.0,75.0,50.0,25.0,2.0,1.0
0.0,0.0,0.0,0.0,0.0,0.0,0.0,0.0,0.0,1.0,12.0,30.0,148.0,613.0,1173.0,2209.0,2604.0,1647.0,848.0,346.0,234.0,188.0,149.0,141.0,193.0,195.0,181.0,165.0,149.0,138.0,133.0,171.0,194.0,206.0,421.0,534.0,561.0,351.0,239.0,161.0,124.0,135.0,100.0,58.0,65.0,19.0,3.0,0.0
0.0,0.0,0.0,0.0,0.0,0.0,0.0,0.0,0.0,4.0,3.0,13.0,18.0,32.0,55.0,37.0,33.0,33.0,33.0,38.0,35.0,42.0,34.0,33.0,41.0,42.0,40.0,38.0,46.0,71.0,78.0,88.0,112.0,174.0,332.0,490.0,452.0,241.0,178.0,93.0,92.0,63.0,55.0,23.0,4.0,0.0,0.0,0.0
0.0,0.0,0.0,0.0,0.0,0.0,0.0,0.0,0.0,0.0,3.0,6.0,6.0,25.0,47.0,45.0,29.0,44.0,28.0,19.0,18.0,13.0,19.0,13.0,12.0,15.0,17.0,14.0,21.0,31.0,23.0,45.0,48.0,57.0,152.0,233.0,166.0,70.0,36.0,27.0,18.0,23.0,17.0,2.0,0.0,0.0,0.0,0.0
0.0,0.0,0.0,0.0,0.0,0.0,0.0,0.0,0.0,1.0,6.0,6.0,40.0,73.0,130.0,113.0,72.0,45.0,39.0,41.0,41.0,38.0,32.0,43.0,57.0,41.0,31.0,42.0,63.0,53.0,79.0,95.0,116.0,153.0,350.0,494.0,448.0,266.0,145.0,100.0,87.0,77.0,72.0,35.0,12.0,0.0,0.0,0.0
0.0,0.0,0.0,0.0,0.0,0.0,0.0,0.0,0.0,0.0,2.0,9.0,33.0,60.0,87.0,112.0,80.0,66.0,57.0,53.0,36.0,39.0,45.0,40.0,55.0,45.0,37.0,46.0,56.0,63.0,81.0,88.0,129.0,198.0,408.0,573.0,524.0,292.0,171.0,108.0,112.0,77.0,92.0,25.0,7.0,0.0,0.0,0.0
0.0,0.0,0.0,0.0,0.0,0.0,0.0,0.0,0.0,0.0,6.0,15.0,21.0,90.0,181.0,231.0,163.0,72.0,60.0,52.0,53.0,52.0,44.0,41.0,80.0,60.0,47.0,56.0,56.0,56.0,71.0,102.0,87.0,134.0,277.0,400.0,386.0,238.0,130.0,88.0,98.0,69.0,70.0,32.0,9.0,0.0,0.0,0.0
0.0,0.0,0.0,0.0,0.0,0.0,0.0,0.0,0.0,0.0,11.0,43.0,60.0,191.0,341.0,436.0,368.0,215.0,167.0,110.0,113.0,119.0,107.0,134.0,121.0,115.0,127.0,125.0,122.0,133.0,151.0,143.0,187.0,240.0,427.0,557.0,516.0,359.0,242.0,159.0,123.0,133.0,117.0,101.0,89.0,22.0,0.0,0.0
0.0,0.0,0.0,0.0,0.0,0.0,0.0,0.0,0.0,0.0,0.0,0.0,0.0,0.0,0.0,0.0,0.0,0.0,0.0,0.0,0.0,0.0,0.0,0.0,0.0,0.0,0.0,0.0,0.0,0.0,0.0,0.0,0.0,0.0,0.0,0.0,0.0,0.0,0.0,0.0,0.0,0.0,0.0,0.0,0.0,0.0,0.0,0.0
0.0,0.0,0.0,0.0,0.0,0.0,0.0,0.0,0.0,0.0,0.0,5.0,20.0,75.0,105.0,138.0,166.0,119.0,105.0,45.0,40.0,35.0,46.0,40.0,30.0,51.0,41.0,30.0,47.0,56.0,59.0,51.0,42.0,61.0,123.0,172.0,183.0,106.0,65.0,46.0,37.0,28.0,17.0,26.0,15.0,3.0,0.0,0.0
0.0,0.0,0.0,0.0,0.0,0.0,0.0,0.0,0.0,1.0,2.0,3.0,24.0,62.0,103.0,171.0,143.0,98.0,68.0,30.0,41.0,17.0,26.0,23.0,20.0,20.0,32.0,15.0,32.0,29.0,44.0,40.0,51.0,80.0,184.0,264.0,269.0,141.0,80.0,59.0,72.0,49.0,42.0,40.0,19.0,1.0,0.0,0.0
0.0,0.0,0.0,0.0,0.0,0.0,0.0,0.0,0.0,0.0,6.0,42.0,158.0,587.0,1343.0,2047.0,1986.0,1384.0,880.0,382.0,233.0,172.0,172.0,175.0,202.0,215.0,186.0,185.0,138.0,150.0,146.0,185.0,189.0,206.0,374.0,527.0,573.0,371.0,242.0,177.0,138.0,122.0,109.0,97.0,71.0,5.0,0.0,0.0
0.0,0.0,0.0,0.0,0.0,0.0,0.0,0.0,0.0,1.0,2.0,14.0,55.0,231.0,458.0,833.0,805.0,642.0,329.0,164.0,102.0,81.0,85.0,65.0,76.0,98.0,87.0,69.0,76.0,65.0,73.0,76.0,97.0,75.0,172.0,197.0,271.0,168.0,102.0,53.0,38.0,71.0,50.0,39.0,29.0,3.0,0.0,0.0
0.0,0.0,0.0,0.0,0.0,0.0,0.0,0.0,0.0,0.0,3.0,5.0,18.0,122.0,275.0,600.0,724.0,503.0,316.0,152.0,83.0,85.0,79.0,89.0,88.0,84.0,71.0,68.0,85.0,80.0,81.0,61.0,90.0,109.0,193.0,233.0,220.0,175.0,93.0,73.0,36.0,60.0,43.0,33.0,19.0,1.0,1.0,0.0
0.0,0.0,0.0,0.0,0.0,0.0,0.0,0.0,0.0,0.0,6.0,38.0,164.0,502.0,1043.0,1858.0,2495.0,1695.0,1032.0,411.0,253.0,239.0,202.0,206.0,231.0,249.0,234.0,211.0,193.0,187.0,218.0,207.0,259.0,319.0,624.0,825.0,751.0,550.0,325.0,231.0,183.0,162.0,181.0,129.0,80.0,23.0,4.0,0.0
0.0,0.0,0.0,0.0,0.0,0.0,0.0,0.0,0.0,0.0,3.0,9.0,49.0,181.0,495.0,818.0,771.0,453.0,221.0,109.0,97.0,89.0,77.0,93.0,85.0,74.0,78.0,81.0,92.0,78.0,91.0,93.0,100.0,138.0,242.0,340.0,263.0,188.0,104.0,75.0,72.0,57.0,52.0,51.0,25.0,12.0,1.0,0.0
0.0,0.0,0.0,0.0,0.0,0.0,0.0,0.0,0.0,0.0,3.0,9.0,48.0,114.0,221.0,311.0,229.0,153.0,92.0,50.0,43.0,34.0,30.0,39.0,28.0,26.0,36.0,23.0,23.0,37.0,37.0,30.0,43.0,38.0,67.0,95.0,109.0,92.0,61.0,39.0,32.0,21.0,26.0,22.0,22.0,2.0,1.0,0.0
0.0,0.0,0.0,0.0,0.0,0.0,0.0,0.0,0.0,2.0,1.0,2.0,7.0,9.0,12.0,14.0,8.0,4.0,4.0,4.0,12.0,9.0,7.0,8.0,0.0,4.0,11.0,5.0,11.0,6.0,7.0,11.0,16.0,16.0,34.0,26.0,45.0,47.0,41.0,22.0,19.0,14.0,18.0,14.0,16.0,5.0,1.0,0.0
0.0,0.0,0.0,0.0,0.0,0.0,0.0,0.0,0.0,1.0,4.0,17.0,38.0,131.0,356.0,571.0,524.0,392.0,241.0,112.0,80.0,50.0,55.0,48.0,51.0,69.0,57.0,64.0,51.0,63.0,38.0,49.0,63.0,65.0,99.0,175.0,181.0,126.0,111.0,64.0,47.0,44.0,56.0,37.0,24.0,12.0,0.0,0.0
0.0,0.0,0.0,0.0,0.0,0.0,0.0,0.0,0.0,2.0,7.0,14.0,72.0,199.0,380.0,531.0,442.0,268.0,127.0,109.0,105.0,97.0,76.0,79.0,78.0,90.0,68.0,83.0,74.0,106.0,98.0,86.0,128.0,139.0,290.0,368.0,385.0,291.0,183.0,128.0,98.0,97.0,94.0,81.0,46.0,4.0,0.0,0.0
0.0,0.0,0.0,0.0,0.0,0.0,0.0,0.0,0.0,3.0,4.0,24.0,54.0,138.0,266.0,303.0,212.0,170.0,80.0,62.0,72.0,60.0,48.0,46.0,64.0,58.0,51.0,59.0,71.0,71.0,65.0,81.0,111.0,115.0,224.0,338.0,387.0,299.0,216.0,130.0,119.0,88.0,88.0,57.0,30.0,4.0,1.0,0.0
0.0,0.0,0.0,0.0,0.0,0.0,0.0,0.0,0.0,0.0,4.0,8.0,53.0,180.0,391.0,635.0,587.0,291.0,183.0,104.0,80.0,68.0,56.0,83.0,107.0,89.0,95.0,76.0,75.0,72.0,73.0,65.0,85.0,138.0,269.0,346.0,290.0,209.0,143.0,84.0,73.0,61.0,62.0,30.0,31.0,6.0,0.0,0.0
0.0,0.0,0.0,0.0,0.0,0.0,0.0,0.0,0.0,0.0,0.0,2.0,26.0,56.0,154.0,224.0,181.0,115.0,78.0,40.0,26.0,13.0,13.0,14.0,21.0,21.0,26.0,17.0,18.0,20.0,30.0,43.0,45.0,44.0,104.0,119.0,102.0,70.0,45.0,48.0,22.0,24.0,15.0,13.0,11.0,0.0,0.0,0.0
0.0,0.0,0.0,0.0,0.0,0.0,0.0,0.0,0.0,2.0,2.0,16.0,26.0,79.0,134.0,141.0,123.0,72.0,42.0,35.0,38.0,28.0,52.0,45.0,50.0,37.0,45.0,50.0,44.0,50.0,45.0,62.0,97.0,86.0,184.0,291.0,385.0,297.0,198.0,112.0,130.0,66.0,90.0,66.0,31.0,7.0,2.0,0.0
0.0,0.0,0.0,0.0,0.0,0.0,0.0,0.0,0.0,2.0,4.0,11.0,40.0,109.0,203.0,281.0,293.0,201.0,135.0,107.0,97.0,82.0,100.0,65.0,70.0,87.0,94.0,107.0,126.0,89.0,130.0,118.0,156.0,164.0,327.0,446.0,535.0,439.0,303.0,188.0,159.0,119.0,119.0,102.0,77.0,22.0,2.0,0.0
0.0,0.0,0.0,0.0,0.0,0.0,0.0,0.0,0.0,1.0,6.0,11.0,19.0,59.0,72.0,77.0,70.0,56.0,44.0,39.0,32.0,27.0,31.0,18.0,31.0,20.0,28.0,32.0,22.0,27.0,40.0,49.0,45.0,61.0,129.0,181.0,221.0,174.0,113.0,69.0,47.0,33.0,36.0,27.0,19.0,5.0,0.0,0.0
0.0,0.0,0.0,0.0,0.0,0.0,0.0,0.0,0.0,5.0,11.0,23.0,65.0,243.0,515.0,688.0,426.0,179.0,107.0,102.0,89.0,69.0,50.0,60.0,79.0,70.0,58.0,71.0,65.0,84.0,73.0,100.0,100.0,114.0,215.0,283.0,286.0,208.0,127.0,79.0,77.0,79.0,61.0,48.0,31.0,4.0,2.0,0.0
0.0,0.0,0.0,0.0,0.0,0.0,0.0,0.0,0.0,6.0,8.0,18.0,42.0,161.0,307.0,407.0,303.0,119.0,64.0,50.0,55.0,33.0,54.0,51.0,57.0,44.0,55.0,63.0,54.0,65.0,76.0,72.0,81.0,97.0,246.0,299.0,347.0,262.0,193.0,124.0,74.0,88.0,67.0,56.0,30.0,11.0,2.0,0.0
0.0,0.0,0.0,0.0,0.0,0.0,0.0,0.0,0.0,3.0,23.0,63.0,123.0,221.0,303.0,399.0,280.0,159.0,127.0,123.0,130.0,114.0,120.0,146.0,116.0,112.0,112.0,118.0,85.0,154.0,151.0,147.0,200.0,230.0,412.0,622.0,617.0,404.0,228.0,208.0,172.0,128.0,121.0,90.0,44.0,9.0,6.0,0.0
0.0,0.0,0.0,0.0,0.0,0.0,0.0,0.0,0.0,1.0,12.0,18.0,41.0,93.0,154.0,214.0,157.0,67.0,58.0,50.0,48.0,44.0,53.0,57.0,43.0,58.0,63.0,66.0,58.0,63.0,70.0,75.0,102.0,107.0,190.0,228.0,253.0,163.0,100.0,76.0,54.0,45.0,54.0,42.0,33.0,5.0,3.0,0.0
0.0,0.0,0.0,0.0,0.0,0.0,0.0,0.0,0.0,2.0,9.0,15.0,32.0,89.0,111.0,145.0,128.0,106.0,90.0,88.0,86.0,80.0,68.0,71.0,72.0,67.0,90.0,95.0,89.0,114.0,115.0,156.0,171.0,258.0,532.0,707.0,685.0,394.0,234.0,147.0,150.0,119.0,92.0,58.0,44.0,10.0,7.0,1.0
0.0,0.0,0.0,0.0,0.0,0.0,0.0,0.0,0.0,17.0,27.0,62.0,95.0,213.0,345.0,326.0,246.0,227.0,177.0,186.0,208.0,182.0,176.0,187.0,218.0,159.0,220.0,205.0,221.0,277.0,258.0,341.0,337.0,490.0,1011.0,1347.0,1028.0,647.0,411.0,263.0,214.0,188.0,142.0,116.0,46.0,19.0,8.0,2.0
0.0,0.0,0.0,0.0,0.0,0.0,0.0,0.0,0.0,7.0,43.0,66.0,95.0,114.0,158.0,150.0,140.0,129.0,120.0,134.0,92.0,100.0,111.0,90.0,110.0,115.0,133.0,130.0,109.0,155.0,170.0,181.0,263.0,329.0,649.0,848.0,648.0,358.0,214.0,152.0,148.0,112.0,108.0,57.0,32.0,6.0,7.0,0.0
0.0,0.0,0.0,0.0,0.0,0.0,0.0,0.0,0.0,4.0,8.0,55.0,165.0,442.0,899.0,1101.0,959.0,720.0,531.0,435.0,420.0,321.0,365.0,376.0,378.0,336.0,384.0,338.0,364.0,374.0,350.0,386.0,447.0,577.0,1189.0,1656.0,1904.0,1379.0,831.0,549.0,443.0,456.0,374.0,332.0,252.0,89.0,7.0,1.0
0.0,0.0,0.0,0.0,0.0,0.0,0.0,0.0,0.0,6.0,21.0,62.0,205.0,470.0,851.0,1067.0,1168.0,881.0,690.0,515.0,499.0,444.0,416.0,355.0,390.0,385.0,421.0,390.0,432.0,427.0,487.0,513.0,501.0,644.0,1111.0,1541.0,1729.0,1236.0,786.0,521.0,411.0,421.0,411.0,301.0,256.0,63.0,1.0,1.0
0.0,0.0,0.0,0.0,0.0,0.0,0.0,0.0,0.0,0.0,9.0,18.0,45.0,47.0,114.0,132.0,153.0,129.0,99.0,107.0,100.0,115.0,101.0,105.0,89.0,107.0,114.0,119.0,143.0,144.0,187.0,227.0,231.0,283.0,505.0,985.0,1638.0,1204.0,744.0,522.0,465.0,424.0,422.0,323.0,362.0,96.0,8.0,0.0
0.0,0.0,0.0,0.0,0.0,0.0,0.0,0.0,0.0,2.0,3.0,21.0,91.0,246.0,406.0,406.0,371.0,279.0,200.0,181.0,139.0,190.0,163.0,142.0,135.0,152.0,181.0,180.0,177.0,174.0,193.0,293.0,292.0,425.0,729.0,1171.0,1321.0,872.0,523.0,367.0,304.0,283.0,261.0,221.0,229.0,64.0,4.0,0.0
0.0,0.0,0.0,0.0,0.0,0.0,0.0,0.0,0.0,1.0,8.0,32.0,72.0,169.0,230.0,293.0,276.0,215.0,152.0,158.0,139.0,161.0,137.0,144.0,146.0,125.0,171.0,160.0,163.0,205.0,228.0,299.0,337.0,443.0,820.0,1047.0,1027.0,692.0,446.0,340.0,310.0,319.0,275.0,218.0,175.0,57.0,3.0,0.0
0.0,0.0,0.0,0.0,0.0,0.0,0.0,0.0,0.0,3.0,18.0,50.0,108.0,186.0,232.0,311.0,289.0,310.0,303.0,271.0,273.0,252.0,226.0,211.0,233.0,244.0,194.0,235.0,235.0,244.0,271.0,263.0,275.0,313.0,612.0,803.0,839.0,532.0,366.0,230.0,223.0,210.0,211.0,155.0,140.0,22.0,0.0,0.0
0.0,0.0,0.0,0.0,0.0,0.0,0.0,0.0,0.0,3.0,7.0,37.0,97.0,245.0,487.0,705.0,669.0,462.0,315.0,241.0,237.0,211.0,235.0,196.0,223.0,228.0,258.0,235.0,257.0,254.0,342.0,387.0,463.0,558.0,1160.0,1489.0,1517.0,980.0,637.0,423.0,373.0,349.0,359.0,246.0,216.0,35.0,1.0,0.0
0.0,0.0,0.0,0.0,0.0,0.0,0.0,0.0,0.0,2.0,3.0,17.0,50.0,104.0,189.0,239.0,250.0,184.0,157.0,124.0,115.0,111.0,109.0,70.0,97.0,113.0,102.0,104.0,129.0,126.0,170.0,189.0,236.0,324.0,540.0,702.0,737.0,458.0,273.0,175.0,172.0,172.0,172.0,94.0,92.0,23.0,0.0,0.0
0.0,0.0,0.0,0.0,0.0,0.0,0.0,0.0,0.0,6.0,6.0,5.0,16.0,58.0,145.0,215.0,210.0,158.0,110.0,87.0,82.0,83.0,70.0,74.0,84.0,62.0,73.0,100.0,58.0,93.0,90.0,95.0,116.0,110.0,233.0,318.0,292.0,200.0,119.0,83.0,90.0,88.0,83.0,78.0,48.0,12.0,0.0,0.0
0.0,0.0,0.0,0.0,0.0,0.0,0.0,0.0,0.0,2.0,8.0,24.0,71.0,122.0,175.0,173.0,187.0,156.0,113.0,128.0,124.0,115.0,121.0,126.0,155.0,127.0,139.0,150.0,150.0,169.0,212.0,274.0,312.0,444.0,914.0,1286.0,1308.0,812.0,520.0,365.0,355.0,275.0,285.0,194.0,164.0,31.0,1.0,0.0
0.0,0.0,0.0,0.0,0.0,0.0,0.0,0.0,0.0,1.0,0.0,3.0,23.0,37.0,61.0,128.0,123.0,84.0,75.0,63.0,86.0,101.0,79.0,84.0,86.0,97.0,71.0,89.0,96.0,97.0,165.0,179.0,215.0,336.0,694.0,897.0,908.0,615.0,325.0,237.0,210.0,193.0,172.0,129.0,98.0,19.0,0.0,0.0
0.0,0.0,0.0,0.0,0.0,0.0,0.0,0.0,0.0,1.0,4.0,23.0,65.0,135.0,207.0,310.0,270.0,175.0,125.0,132.0,124.0,136.0,105.0,97.0,124.0,122.0,131.0,131.0,110.0,160.0,203.0,198.0,266.0,281.0,548.0,687.0,652.0,387.0,249.0,186.0,187.0,151.0,158.0,104.0,76.0,11.0,0.0,0.0
0.0,0.0,0.0,0.0,0.0,0.0,0.0,0.0,0.0,0.0,4.0,32.0,82.0,255.0,655.0,581.0,370.0,167.0,103.0,69.0,69.0,61.0,86.0,60.0,65.0,78.0,90.0,96.0,108.0,104.0,111.0,150.0,166.0,192.0,319.0,395.0,345.0,228.0,125.0,92.0,71.0,65.0,61.0,47.0,27.0,9.0,1.0,0.0
0.0,0.0,0.0,0.0,0.0,0.0,0.0,0.0,0.0,0.0,20.0,95.0,368.0,937.0,1247.0,1358.0,1229.0,706.0,494.0,390.0,270.0,253.0,230.0,247.0,283.0,302.0,328.0,304.0,306.0,258.0,281.0,250.0,294.0,368.0,638.0,703.0,652.0,502.0,276.0,218.0,195.0,146.0,162.0,105.0,68.0,14.0,6.0,0.0
0.0,0.0,0.0,0.0,0.0,0.0,0.0,0.0,0.0,0.0,6.0,47.0,145.0,540.0,1211.0,1674.0,1436.0,726.0,334.0,204.0,168.0,147.0,153.0,127.0,147.0,160.0,153.0,160.0,156.0,144.0,153.0,164.0,198.0,290.0,512.0,643.0,567.0,381.0,196.0,127.0,157.0,151.0,115.0,88.0,137.0,86.0,13.0,1.0
0.0,0.0,0.0,0.0,0.0,0.0,0.0,0.0,0.0,2.0,6.0,25.0,108.0,386.0,1143.0,1671.0,1509.0,1046.0,611.0,386.0,275.0,299.0,295.0,270.0,291.0,298.0,311.0,318.0,285.0,236.0,232.0,261.0,267.0,409.0,592.0,758.0,647.0,409.0,233.0,137.0,173.0,124.0,114.0,117.0,96.0,46.0,2.0,0.0
0.0,0.0,0.0,0.0,0.0,0.0,0.0,0.0,0.0,0.0,2.0,17.0,59.0,123.0,232.0,294.0,215.0,104.0,69.0,62.0,39.0,39.0,37.0,42.0,47.0,43.0,46.0,70.0,61.0,80.0,101.0,88.0,130.0,237.0,330.0,412.0,335.0,197.0,112.0,96.0,75.0,74.0,50.0,45.0,33.0,17.0,4.0,0.0
0.0,0.0,0.0,0.0,0.0,0.0,0.0,0.0,0.0,10.0,45.0,58.0,158.0,282.0,480.0,494.0,420.0,250.0,230.0,221.0,245.0,230.0,276.0,229.0,221.0,268.0,267.0,236.0,286.0,314.0,412.0,508.0,584.0,676.0,1243.0,1721.0,1727.0,1183.0,759.0,542.0,514.0,477.0,495.0,303.0,277.0,55.0,2.0,0.0
0.0,0.0,0.0,0.0,0.0,0.0,0.0,0.0,0.0,11.0,10.0,70.0,111.0,262.0,321.0,395.0,447.0,438.0,483.0,477.0,438.0,441.0,468.0,500.0,412.0,393.0,429.0,412.0,462.0,487.0,510.0,568.0,618.0,856.0,1546.0,2260.0,2316.0,1428.0,933.0,577.0,514.0,489.0,426.0,329.0,271.0,45.0,2.0,0.0
0.0,0.0,0.0,0.0,0.0,0.0,0.0,0.0,0.0,4.0,6.0,18.0,52.0,154.0,204.0,251.0,275.0,199.0,148.0,105.0,114.0,128.0,137.0,131.0,120.0,129.0,137.0,153.0,144.0,183.0,204.0,238.0,328.0,444.0,865.0,1197.0,1234.0,768.0,504.0,331.0,308.0,293.0,261.0,185.0,154.0,28.0,1.0,0.0
0.0,0.0,0.0,0.0,0.0,0.0,0.0,0.0,0.0,5.0,15.0,61.0,137.0,314.0,508.0,635.0,599.0,354.0,227.0,181.0,152.0,176.0,210.0,199.0,228.0,173.0,180.0,211.0,180.0,195.0,224.0,287.0,284.0,346.0,597.0,842.0,754.0,429.0,309.0,216.0,219.0,141.0,157.0,125.0,91.0,24.0,2.0,0.0
0.0,0.0,0.0,0.0,0.0,0.0,0.0,0.0,0.0,5.0,11.0,30.0,71.0,166.0,187.0,189.0,186.0,194.0,154.0,160.0,169.0,153.0,175.0,166.0,169.0,152.0,170.0,225.0,213.0,264.0,297.0,368.0,455.0,671.0,1317.0,1760.0,1833.0,1027.0,679.0,503.0,452.0,398.0,391.0,249.0,209.0,47.0,6.0,0.0
0.0,0.0,0.0,0.0,0.0,0.0,0.0,0.0,0.0,3.0,16.0,50.0,80.0,158.0,260.0,278.0,235.0,166.0,150.0,147.0,156.0,155.0,140.0,144.0,139.0,162.0,176.0,145.0,193.0,215.0,269.0,282.0,272.0,401.0,715.0,1116.0,991.0,608.0,343.0,246.0,229.0,228.0,189.0,169.0,124.0,28.0,2.0,0.0
0.0,0.0,0.0,0.0,0.0,0.0,0.0,0.0,0.0,18.0,31.0,68.0,137.0,279.0,384.0,416.0,404.0,310.0,289.0,310.0,295.0,275.0,276.0,286.0,274.0,286.0,309.0,326.0,326.0,352.0,388.0,470.0,480.0,583.0,922.0,1268.0,1273.0,715.0,439.0,291.0,256.0,233.0,200.0,156.0,150.0,32.0,0.0,0.0
0.0,0.0,0.0,0.0,0.0,0.0,0.0,0.0,0.0,7.0,22.0,26.0,118.0,149.0,163.0,169.0,177.0,149.0,124.0,124.0,127.0,123.0,108.0,102.0,148.0,130.0,132.0,159.0,146.0,184.0,243.0,243.0,319.0,414.0,777.0,931.0,916.0,499.0,335.0,255.0,218.0,214.0,219.0,160.0,151.0,28.0,4.0,0.0
0.0,0.0,0.0,0.0,0.0,0.0,0.0,0.0,0.0,1.0,2.0,9.0,14.0,24.0,40.0,39.0,33.0,34.0,27.0,23.0,31.0,42.0,43.0,46.0,36.0,36.0,41.0,29.0,38.0,37.0,46.0,65.0,68.0,80.0,162.0,192.0,208.0,88.0,82.0,45.0,29.0,29.0,34.0,23.0,33.0,2.0,1.0,0.0
0.0,0.0,0.0,0.0,0.0,0.0,0.0,0.0,0.0,3.0,11.0,23.0,91.0,214.0,295.0,372.0,192.0,107.0,78.0,66.0,65.0,77.0,75.0,66.0,73.0,59.0,80.0,73.0,80.0,104.0,97.0,104.0,124.0,155.0,375.0,480.0,487.0,311.0,171.0,148.0,144.0,90.0,133.0,90.0,72.0,28.0,4.0,0.0
0.0,0.0,0.0,0.0,0.0,0.0,0.0,0.0,0.0,8.0,41.0,49.0,110.0,202.0,305.0,246.0,302.0,180.0,148.0,167.0,173.0,149.0,117.0,161.0,166.0,179.0,196.0,173.0,184.0,244.0,243.0,303.0,318.0,393.0,647.0,822.0,811.0,456.0,287.0,220.0,199.0,199.0,221.0,137.0,129.0,30.0,4.0,0.0
0.0,0.0,0.0,0.0,0.0,0.0,0.0,0.0,0.0,12.0,34.0,80.0,153.0,253.0,442.0,568.0,391.0,280.0,230.0,194.0,166.0,167.0,176.0,167.0,194.0,219.0,194.0,190.0,221.0,246.0,295.0,317.0,385.0,518.0,1029.0,1521.0,1475.0,953.0,598.0,413.0,321.0,260.0,245.0,160.0,84.0,30.0,6.0,1.0
0.0,0.0,0.0,0.0,0.0,0.0,0.0,0.0,0.0,2.0,9.0,23.0,35.0,69.0,121.0,134.0,104.0,95.0,53.0,59.0,57.0,54.0,59.0,57.0,75.0,56.0,68.0,73.0,92.0,108.0,130.0,141.0,181.0,217.0,502.0,963.0,1264.0,1000.0,703.0,467.0,338.0,274.0,227.0,184.0,77.0,23.0,2.0,0.0
0.0,0.0,0.0,0.0,0.0,0.0,0.0,0.0,0.0,13.0,22.0,34.0,90.0,149.0,252.0,318.0,251.0,232.0,154.0,170.0,163.0,163.0,165.0,190.0,191.0,219.0,211.0,242.0,231.0,309.0,343.0,377.0,474.0,594.0,1358.0,2665.0,3785.0,2995.0,1867.0,1181.0,915.0,891.0,800.0,574.0,258.0,89.0,1.0,0.0
0.0,0.0,0.0,0.0,0.0,0.0,0.0,0.0,0.0,1.0,2.0,2.0,9.0,11.0,14.0,18.0,11.0,8.0,18.0,6.0,7.0,12.0,3.0,5.0,11.0,4.0,7.0,7.0,10.0,7.0,15.0,16.0,19.0,38.0,81.0,138.0,164.0,87.0,66.0,20.0,24.0,30.0,25.0,12.0,17.0,2.0,0.0,0.0
0.0,0.0,0.0,0.0,0.0,0.0,0.0,0.0,0.0,7.0,21.0,40.0,107.0,299.0,587.0,830.0,813.0,406.0,229.0,182.0,153.0,184.0,178.0,156.0,178.0,175.0,172.0,204.0,223.0,269.0,294.0,348.0,345.0,444.0,995.0,2311.0,3053.0,2273.0,1401.0,857.0,652.0,580.0,550.0,364.0,162.0,31.0,2.0,0.0
0.0,0.0,0.0,0.0,0.0,0.0,0.0,0.0,0.0,1.0,19.0,27.0,78.0,181.0,457.0,717.0,595.0,228.0,86.0,70.0,50.0,60.0,61.0,67.0,71.0,67.0,74.0,42.0,72.0,74.0,58.0,80.0,84.0,98.0,191.0,247.0,267.0,150.0,104.0,78.0,62.0,55.0,61.0,46.0,14.0,1.0,0.0,0.0
0.0,0.0,0.0,0.0,0.0,0.0,0.0,0.0,0.0,0.0,0.0,3.0,7.0,13.0,26.0,25.0,27.0,21.0,14.0,26.0,19.0,17.0,19.0,14.0,24.0,25.0,36.0,27.0,32.0,30.0,58.0,56.0,68.0,117.0,227.0,348.0,301.0,183.0,98.0,72.0,72.0,46.0,51.0,15.0,5.0,1.0,0.0,0.0
0.0,0.0,0.0,0.0,0.0,0.0,0.0,0.0,0.0,3.0,9.0,14.0,45.0,86.0,114.0,119.0,93.0,117.0,108.0,111.0,93.0,94.0,98.0,101.0,98.0,113.0,119.0,87.0,118.0,168.0,192.0,250.0,299.0,535.0,1192.0,1744.0,1577.0,1002.0,616.0,407.0,363.0,290.0,301.0,155.0,62.0,8.0,0.0,0.0
0.0,0.0,0.0,0.0,0.0,0.0,0.0,0.0,0.0,0.0,3.0,4.0,8.0,12.0,26.0,33.0,61.0,70.0,42.0,54.0,41.0,52.0,53.0,29.0,37.0,50.0,60.0,73.0,51.0,67.0,74.0,97.0,111.0,135.0,368.0,529.0,502.0,269.0,146.0,102.0,99.0,86.0,68.0,35.0,18.0,2.0,0.0,0.0
0.0,0.0,0.0,0.0,0.0,0.0,0.0,0.0,0.0,0.0,6.0,11.0,18.0,30.0,55.0,53.0,37.0,34.0,28.0,28.0,29.0,32.0,39.0,49.0,51.0,33.0,38.0,48.0,57.0,53.0,61.0,70.0,75.0,126.0,240.0,344.0,262.0,136.0,85.0,57.0,60.0,57.0,64.0,28.0,10.0,1.0,0.0,0.0
0.0,0.0,0.0,0.0,0.0,0.0,0.0,0.0,0.0,0.0,2.0,6.0,10.0,14.0,29.0,28.0,46.0,42.0,29.0,10.0,19.0,22.0,18.0,22.0,28.0,21.0,28.0,32.0,24.0,36.0,38.0,45.0,51.0,75.0,142.0,244.0,238.0,129.0,64.0,47.0,40.0,50.0,44.0,24.0,9.0,1.0,0.0,0.0
0.0,0.0,0.0,0.0,0.0,0.0,0.0,0.0,0.0,2.0,2.0,14.0,19.0,22.0,37.0,46.0,36.0,30.0,21.0,25.0,9.0,14.0,7.0,19.0,15.0,21.0,13.0,20.0,19.0,17.0,18.0,30.0,22.0,34.0,50.0,51.0,42.0,29.0,15.0,4.0,11.0,11.0,6.0,4.0,2.0,0.0,0.0,0.0
0.0,0.0,0.0,0.0,0.0,0.0,0.0,0.0,0.0,3.0,7.0,9.0,17.0,23.0,60.0,61.0,64.0,50.0,49.0,46.0,58.0,48.0,59.0,63.0,72.0,61.0,47.0,63.0,90.0,95.0,116.0,130.0,159.0,213.0,510.0,825.0,757.0,367.0,230.0,142.0,129.0,125.0,113.0,68.0,24.0,7.0,0.0,0.0
0.0,0.0,0.0,0.0,0.0,0.0,0.0,0.0,0.0,2.0,4.0,20.0,32.0,35.0,46.0,63.0,55.0,70.0,65.0,48.0,60.0,47.0,62.0,63.0,65.0,67.0,54.0,69.0,83.0,72.0,78.0,89.0,124.0,133.0,251.0,321.0,358.0,181.0,117.0,65.0,78.0,62.0,60.0,40.0,19.0,6.0,0.0,0.0
0.0,0.0,0.0,0.0,0.0,0.0,0.0,0.0,0.0,13.0,14.0,25.0,83.0,114.0,136.0,130.0,116.0,128.0,116.0,111.0,109.0,105.0,94.0,96.0,94.0,94.0,115.0,108.0,135.0,137.0,155.0,180.0,226.0,298.0,569.0,786.0,602.0,297.0,164.0,92.0,131.0,93.0,75.0,53.0,22.0,7.0,1.0,0.0
0.0,0.0,0.0,0.0,0.0,0.0,0.0,0.0,0.0,2.0,6.0,9.0,32.0,93.0,155.0,244.0,257.0,161.0,96.0,83.0,74.0,57.0,56.0,53.0,65.0,68.0,55.0,63.0,79.0,76.0,77.0,81.0,91.0,95.0,208.0,247.0,280.0,117.0,113.0,54.0,67.0,53.0,59.0,49.0,18.0,0.0,0.0,0.0
0.0,0.0,0.0,0.0,0.0,0.0,0.0,0.0,0.0,1.0,2.0,8.0,17.0,34.0,53.0,63.0,35.0,33.0,32.0,34.0,23.0,42.0,43.0,46.0,36.0,41.0,23.0,44.0,56.0,56.0,84.0,104.0,117.0,159.0,249.0,380.0,325.0,269.0,154.0,98.0,108.0,75.0,67.0,50.0,29.0,1.0,0.0,0.0
0.0,0.0,0.0,0.0,0.0,0.0,0.0,0.0,0.0,3.0,14.0,24.0,81.0,140.0,229.0,241.0,197.0,191.0,170.0,117.0,155.0,139.0,125.0,135.0,155.0,120.0,157.0,139.0,154.0,173.0,237.0,296.0,317.0,437.0,900.0,1383.0,1277.0,788.0,467.0,279.0,258.0,257.0,183.0,143.0,63.0,0.0,0.0,0.0
0.0,0.0,0.0,0.0,0.0,0.0,0.0,0.0,0.0,1.0,11.0,24.0,50.0,142.0,171.0,199.0,135.0,93.0,73.0,69.0,66.0,64.0,76.0,69.0,76.0,86.0,70.0,69.0,94.0,88.0,133.0,159.0,198.0,235.0,468.0,678.0,605.0,369.0,253.0,149.0,135.0,128.0,119.0,89.0,42.0,1.0,0.0,0.0
0.0,0.0,0.0,0.0,0.0,0.0,0.0,0.0,0.0,1.0,3.0,14.0,25.0,73.0,150.0,208.0,168.0,144.0,82.0,61.0,66.0,49.0,64.0,76.0,73.0,57.0,96.0,62.0,60.0,57.0,91.0,86.0,114.0,135.0,287.0,415.0,337.0,207.0,165.0,109.0,93.0,75.0,72.0,46.0,18.0,2.0,0.0,0.0
0.0,0.0,0.0,0.0,0.0,0.0,0.0,0.0,0.0,2.0,13.0,27.0,106.0,279.0,628.0,901.0,735.0,420.0,201.0,173.0,145.0,118.0,134.0,130.0,145.0,157.0,123.0,122.0,124.0,143.0,152.0,153.0,118.0,171.0,235.0,313.0,274.0,188.0,98.0,75.0,74.0,58.0,54.0,29.0,4.0,0.0,0.0,0.0
0.0,0.0,0.0,0.0,0.0,0.0,0.0,0.0,0.0,0.0,4.0,51.0,139.0,456.0,844.0,946.0,807.0,363.0,173.0,124.0,116.0,95.0,100.0,115.0,101.0,118.0,116.0,76.0,80.0,95.0,55.0,95.0,95.0,81.0,124.0,190.0,159.0,110.0,71.0,53.0,38.0,54.0,39.0,30.0,12.0,0.0,0.0,0.0
0.0,0.0,0.0,0.0,0.0,0.0,0.0,0.0,0.0,9.0,27.0,100.0,263.0,644.0,999.0,1069.0,704.0,358.0,218.0,165.0,151.0,128.0,151.0,151.0,145.0,160.0,138.0,159.0,144.0,157.0,184.0,203.0,218.0,256.0,445.0,596.0,545.0,290.0,190.0,146.0,121.0,114.0,101.0,67.0,22.0,1.0,0.0,0.0
0.0,0.0,0.0,0.0,0.0,0.0,0.0,0.0,0.0,27.0,51.0,107.0,230.0,481.0,714.0,735.0,506.0,270.0,189.0,182.0,204.0,228.0,213.0,235.0,213.0,231.0,211.0,201.0,208.0,264.0,285.0,335.0,327.0,416.0,788.0,894.0,966.0,575.0,358.0,263.0,270.0,203.0,195.0,127.0,46.0,11.0,0.0,0.0
0.0,0.0,0.0,0.0,0.0,0.0,0.0,0.0,0.0,6.0,13.0,31.0,109.0,293.0,551.0,610.0,488.0,197.0,102.0,79.0,84.0,73.0,59.0,79.0,94.0,82.0,80.0,80.0,70.0,95.0,138.0,101.0,103.0,136.0,259.0,306.0,291.0,184.0,143.0,110.0,83.0,65.0,58.0,32.0,20.0,5.0,0.0,0.0
0.0,0.0,0.0,0.0,0.0,0.0,0.0,0.0,0.0,0.0,0.0,0.0,2.0,7.0,12.0,5.0,11.0,5.0,13.0,6.0,2.0,4.0,5.0,1.0,2.0,4.0,7.0,5.0,18.0,12.0,14.0,30.0,20.0,28.0,43.0,61.0,47.0,22.0,9.0,6.0,8.0,3.0,3.0,7.0,2.0,0.0,0.0,0.0
0.0,0.0,0.0,0.0,0.0,0.0,0.0,0.0,0.0,4.0,18.0,8.0,33.0,58.0,80.0,70.0,70.0,61.0,43.0,47.0,42.0,45.0,54.0,58.0,53.0,36.0,54.0,53.0,69.0,68.0,100.0,97.0,111.0,150.0,258.0,390.0,331.0,177.0,117.0,97.0,64.0,43.0,59.0,41.0,31.0,7.0,0.0,0.0
0.0,0.0,0.0,0.0,0.0,0.0,0.0,0.0,0.0,1.0,5.0,25.0,57.0,252.0,485.0,794.0,969.0,634.0,433.0,273.0,180.0,119.0,127.0,107.0,94.0,98.0,117.0,124.0,83.0,93.0,91.0,121.0,135.0,146.0,201.0,240.0,238.0,197.0,112.0,74.0,63.0,58.0,60.0,54.0,46.0,14.0,1.0,0.0
0.0,0.0,0.0,0.0,0.0,0.0,0.0,0.0,0.0,3.0,13.0,34.0,84.0,215.0,542.0,503.0,439.0,265.0,215.0,163.0,160.0,129.0,152.0,169.0,148.0,148.0,187.0,169.0,205.0,245.0,227.0,292.0,357.0,522.0,838.0,1212.0,1406.0,1134.0,765.0,592.0,488.0,444.0,423.0,324.0,262.0,109.0,14.0,0.0
0.0,0.0,0.0,0.0,0.0,0.0,0.0,0.0,0.0,6.0,21.0,61.0,96.0,195.0,388.0,535.0,591.0,462.0,329.0,210.0,181.0,202.0,230.0,179.0,175.0,208.0,236.0,225.0,272.0,282.0,320.0,371.0,422.0,510.0,1057.0,1464.0,1798.0,1421.0,935.0,604.0,521.0,367.0,410.0,312.0,346.0,119.0,7.0,0.0
0.0,0.0,0.0,0.0,0.0,0.0,0.0,0.0,0.0,0.0,9.0,42.0,97.0,179.0,273.0,309.0,304.0,245.0,203.0,139.0,129.0,145.0,128.0,142.0,156.0,154.0,160.0,160.0,178.0,199.0,254.0,300.0,369.0,436.0,909.0,1428.0,1592.0,1316.0,786.0,519.0,507.0,335.0,330.0,261.0,237.0,87.0,9.0,0.0
0.0,0.0,0.0,0.0,0.0,0.0,0.0,0.0,0.0,1.0,4.0,4.0,15.0,32.0,56.0,39.0,57.0,44.0,29.0,19.0,23.0,29.0,24.0,34.0,26.0,26.0,19.0,41.0,47.0,50.0,60.0,49.0,92.0,110.0,268.0,401.0,433.0,336.0,189.0,156.0,102.0,75.0,107.0,60.0,78.0,19.0,6.0,1.0
0.0,0.0,0.0,0.0,0.0,0.0,0.0,0.0,0.0,10.0,27.0,41.0,122.0,205.0,250.0,232.0,245.0,315.0,217.0,191.0,211.0,217.0,228.0,209.0,206.0,235.0,220.0,277.0,273.0,301.0,338.0,361.0,430.0,573.0,1205.0,1645.0,1942.0,1161.0,728.0,511.0,371.0,306.0,280.0,199.0,203.0,78.0,12.0,1.0
0.0,0.0,0.0,0.0,0.0,0.0,0.0,0.0,0.0,4.0,13.0,10.0,32.0,57.0,103.0,104.0,122.0,139.0,100.0,95.0,88.0,91.0,89.0,110.0,111.0,94.0,89.0,113.0,150.0,155.0,195.0,201.0,288.0,447.0,1043.0,1545.0,1719.0,1278.0,768.0,528.0,424.0,332.0,330.0,225.0,170.0,70.0,10.0,0.0
0.0,0.0,0.0,0.0,0.0,0.0,0.0,0.0,0.0,5.0,12.0,16.0,38.0,124.0,178.0,288.0,237.0,216.0,138.0,132.0,125.0,130.0,117.0,139.0,142.0,145.0,157.0,150.0,149.0,159.0,220.0,226.0,256.0,323.0,626.0,926.0,1037.0,660.0,417.0,232.0,199.0,158.0,186.0,142.0,83.0,40.0,10.0,0.0
0.0,0.0,0.0,0.0,0.0,0.0,0.0,0.0,0.0,10.0,26.0,43.0,83.0,146.0,234.0,218.0,216.0,211.0,205.0,199.0,170.0,179.0,184.0,224.0,195.0,219.0,205.0,226.0,298.0,322.0,357.0,413.0,436.0,667.0,1394.0,2135.0,2424.0,1745.0,1056.0,718.0,576.0,432.0,427.0,326.0,264.0,121.0,28.0,1.0
0.0,0.0,0.0,0.0,0.0,0.0,0.0,0.0,0.0,0.0,11.0,20.0,52.0,95.0,106.0,120.0,105.0,46.0,53.0,47.0,56.0,48.0,49.0,40.0,56.0,53.0,57.0,80.0,77.0,98.0,124.0,175.0,194.0,254.0,658.0,1025.0,1160.0,802.0,488.0,336.0,279.0,208.0,167.0,144.0,140.0,30.0,9.0,0.0
0.0,0.0,0.0,0.0,0.0,0.0,0.0,0.0,0.0,19.0,40.0,57.0,94.0,158.0,188.0,188.0,177.0,185.0,148.0,139.0,151.0,158.0,157.0,160.0,118.0,160.0,153.0,165.0,210.0,200.0,256.0,275.0,282.0,359.0,679.0,1058.0,1337.0,860.0,511.0,325.0,300.0,256.0,206.0,208.0,206.0,76.0,17.0,2.0
