1.0,0.0,0.0,0.0,0.0,0.0,0.0,0.0,0.0,1.0,10.0,59.0,216.0,621.0,1681.0,3030.0,4596.0,5036.0,2912.0,1673.0,1041.0,797.0,650.0,588.0,538.0,514.0,517.0,528.0,508.0,558.0,453.0,410.0,377.0,513.0,634.0,621.0,679.0,729.0,541.0,382.0,246.0,152.0,182.0,149.0,129.0,94.0,57.0,17.0
0.0,0.0,0.0,0.0,0.0,0.0,0.0,0.0,0.0,0.0,7.0,43.0,116.0,320.0,749.0,1430.0,2632.0,3050.0,1527.0,851.0,502.0,363.0,275.0,229.0,190.0,267.0,274.0,314.0,277.0,240.0,212.0,215.0,196.0,224.0,314.0,444.0,566.0,525.0,380.0,242.0,121.0,106.0,106.0,86.0,71.0,64.0,39.0,4.0
0.0,0.0,1.0,0.0,0.0,0.0,0.0,0.0,0.0,0.0,3.0,30.0,102.0,346.0,893.0,1399.0,2160.0,2483.0,1366.0,870.0,576.0,355.0,343.0,260.0,234.0,278.0,285.0,316.0,283.0,265.0,253.0,210.0,233.0,274.0,357.0,410.0,556.0,618.0,515.0,360.0,221.0,194.0,159.0,143.0,104.0,74.0,51.0,7.0
0.0,0.0,0.0,0.0,0.0,0.0,1.0,0.0,0.0,0.0,2.0,24.0,82.0,278.0,937.0,2001.0,3054.0,3130.0,1746.0,1023.0,572.0,365.0,319.0,295.0,308.0,251.0,263.0,306.0,269.0,293.0,239.0,198.0,227.0,272.0,354.0,589.0,720.0,656.0,509.0,368.0,228.0,145.0,149.0,141.0,126.0,96.0,58.0,15.0
0.0,0.0,0.0,0.0,0.0,0.0,0.0,0.0,0.0,0.0,2.0,23.0,77.0,351.0,948.0,1986.0,2992.0,3188.0,1730.0,1002.0,603.0,450.0,357.0,286.0,319.0,343.0,336.0,340.0,314.0,313.0,281.0,310.0,297.0,343.0,420.0,744.0,941.0,810.0,654.0,457.0,264.0,280.0,281.0,191.0,151.0,89.0,82.0,27.0
2.0,0.0,0.0,0.0,0.0,0.0,0.0,0.0,0.0,0.0,3.0,33.0,71.0,240.0,732.0,1370.0,1903.0,1902.0,1212.0,905.0,599.0,608.0,563.0,556.0,557.0,482.0,425.0,425.0,387.0,463.0,458.0,489.0,531.0,654.0,863.0,1150.0,1478.0,1337.0,957.0,609.0,437.0,372.0,316.0,275.0,331.0,1641.0,1864.0,384.0
2.0,0.0,0.0,0.0,0.0,0.0,0.0,0.0,0.0,0.0,0.0,12.0,52.0,168.0,561.0,1060.0,1531.0,1353.0,790.0,557.0,352.0,288.0,257.0,210.0,224.0,222.0,272.0,241.0,252.0,265.0,242.0,285.0,295.0,312.0,445.0,796.0,973.0,985.0,705.0,448.0,348.0,291.0,258.0,314.0,311.0,280.0,198.0,36.0
3.0,0.0,0.0,0.0,0.0,0.0,0.0,0.0,0.0,0.0,0.0,8.0,21.0,68.0,159.0,329.0,587.0,615.0,356.0,278.0,209.0,195.0,188.0,198.0,205.0,199.0,212.0,218.0,215.0,219.0,260.0,315.0,307.0,324.0,379.0,761.0,1187.0,1179.0,770.0,470.0,265.0,225.0,211.0,225.0,280.0,155.0,45.0,12.0
1.0,0.0,0.0,0.0,0.0,0.0,0.0,0.0,0.0,0.0,0.0,14.0,25.0,88.0,269.0,469.0,769.0,761.0,513.0,331.0,287.0,231.0,235.0,253.0,249.0,229.0,228.0,274.0,263.0,265.0,280.0,328.0,380.0,415.0,703.0,1487.0,1858.0,1374.0,772.0,424.0,277.0,255.0,178.0,147.0,135.0,107.0,78.0,22.0
0.0,0.0,0.0,0.0,0.0,0.0,0.0,0.0,0.0,0.0,0.0,8.0,25.0,92.0,297.0,540.0,861.0,842.0,466.0,324.0,213.0,202.0,183.0,194.0,169.0,139.0,177.0,182.0,200.0,201.0,280.0,282.0,350.0,400.0,777.0,1326.0,1474.0,1195.0,695.0,361.0,223.0,182.0,204.0,155.0,126.0,102.0,41.0,24.0
3.0,0.0,0.0,0.0,0.0,0.0,0.0,0.0,0.0,0.0,0.0,7.0,27.0,76.0,282.0,561.0,822.0,829.0,509.0,404.0,298.0,287.0,305.0,299.0,265.0,310.0,244.0,289.0,266.0,312.0,287.0,402.0,524.0,638.0,732.0,1407.0,1936.0,1809.0,1172.0,553.0,380.0,273.0,268.0,301.0,171.0,150.0,64.0,22.0
1.0,0.0,0.0,0.0,0.0,0.0,0.0,0.0,0.0,0.0,0.0,5.0,8.0,47.0,141.0,297.0,552.0,575.0,375.0,318.0,311.0,300.0,339.0,438.0,443.0,336.0,350.0,359.0,417.0,429.0,411.0,512.0,640.0,864.0,1311.0,2946.0,4196.0,4240.0,2851.0,1572.0,920.0,680.0,559.0,448.0,429.0,361.0,103.0,20.0
0.0,0.0,0.0,0.0,0.0,0.0,0.0,0.0,0.0,0.0,2.0,8.0,31.0,57.0,186.0,380.0,597.0,499.0,388.0,335.0,342.0,410.0,511.0,587.0,635.0,696.0,858.0,941.0,967.0,1049.0,1254.0,1440.0,1679.0,1874.0,2437.0,3453.0,4223.0,4089.0,2833.0,2082.0,1771.0,1818.0,1935.0,1770.0,1278.0,1328.0,488.0,79.0
0.0,0.0,0.0,0.0,0.0,0.0,0.0,0.0,0.0,0.0,1.0,2.0,3.0,15.0,35.0,68.0,99.0,91.0,53.0,57.0,43.0,78.0,55.0,82.0,101.0,74.0,79.0,112.0,108.0,136.0,113.0,213.0,385.0,433.0,475.0,504.0,369.0,232.0,182.0,118.0,70.0,62.0,46.0,48.0,135.0,205.0,53.0,3.0
0.0,0.0,0.0,0.0,0.0,0.0,0.0,0.0,0.0,0.0,1.0,4.0,8.0,20.0,101.0,173.0,139.0,200.0,166.0,106.0,117.0,169.0,192.0,225.0,241.0,207.0,266.0,240.0,276.0,267.0,335.0,387.0,422.0,512.0,664.0,689.0,640.0,484.0,298.0,166.0,109.0,81.0,100.0,67.0,60.0,42.0,15.0,6.0
0.0,0.0,0.0,0.0,0.0,0.0,0.0,0.0,0.0,0.0,0.0,4.0,11.0,18.0,33.0,86.0,120.0,147.0,151.0,161.0,175.0,178.0,227.0,326.0,307.0,334.0,365.0,532.0,539.0,575.0,679.0,652.0,832.0,922.0,1168.0,1670.0,1886.0,2188.0,1795.0,1124.0,862.0,763.0,877.0,931.0,822.0,886.0,309.0,68.0
1.0,0.0,0.0,0.0,0.0,0.0,0.0,0.0,0.0,0.0,0.0,6.0,12.0,40.0,107.0,201.0,310.0,374.0,350.0,401.0,481.0,519.0,517.0,589.0,580.0,441.0,406.0,440.0,473.0,542.0,635.0,775.0,862.0,938.0,1295.0,2276.0,3585.0,3614.0,2439.0,1431.0,946.0,784.0,685.0,669.0,551.0,472.0,257.0,52.0
1.0,0.0,0.0,0.0,0.0,0.0,0.0,0.0,0.0,0.0,1.0,6.0,22.0,48.0,154.0,317.0,572.0,523.0,357.0,280.0,232.0,302.0,336.0,426.0,381.0,401.0,342.0,369.0,405.0,411.0,468.0,534.0,554.0,685.0,1103.0,1938.0,2924.0,3379.0,2411.0,1169.0,717.0,558.0,489.0,403.0,282.0,266.0,140.0,23.0
3.0,0.0,0.0,0.0,0.0,0.0,0.0,0.0,0.0,0.0,2.0,6.0,20.0,72.0,120.0,228.0,378.0,426.0,238.0,270.0,258.0,294.0,339.0,348.0,398.0,340.0,415.0,424.0,421.0,466.0,472.0,492.0,521.0,798.0,996.0,1857.0,3128.0,3845.0,3451.0,1846.0,1131.0,795.0,769.0,637.0,368.0,262.0,152.0,43.0
6.0,0.0,0.0,0.0,0.0,0.0,0.0,0.0,0.0,0.0,1.0,12.0,108.0,348.0,991.0,2088.0,3095.0,2760.0,2026.0,1487.0,1171.0,1073.0,1133.0,1053.0,981.0,955.0,959.0,1043.0,969.0,1001.0,1011.0,1055.0,1095.0,1381.0,1918.0,3252.0,5417.0,7086.0,6242.0,3490.0,2148.0,1531.0,1312.0,1271.0,972.0,606.0,295.0,74.0
7.0,0.0,0.0,0.0,0.0,0.0,0.0,0.0,0.0,0.0,2.0,36.0,113.0,322.0,717.0,1451.0,2145.0,2125.0,1451.0,1027.0,792.0,722.0,765.0,815.0,729.0,723.0,847.0,878.0,936.0,911.0,905.0,908.0,951.0,1018.0,1268.0,2143.0,3658.0,5018.0,5290.0,3581.0,2204.0,1536.0,1196.0,1055.0,860.0,731.0,481.0,112.0
1.0,0.0,0.0,0.0,0.0,0.0,0.0,0.0,0.0,0.0,3.0,13.0,79.0,242.0,540.0,1213.0,2101.0,2286.0,1428.0,1047.0,675.0,511.0,490.0,456.0,492.0,435.0,488.0,521.0,455.0,455.0,473.0,497.0,501.0,623.0,709.0,1160.0,1895.0,2856.0,2687.0,1683.0,945.0,668.0,479.0,370.0,323.0,245.0,158.0,48.0
0.0,0.0,0.0,0.0,0.0,0.0,0.0,0.0,0.0,0.0,7.0,31.0,87.0,279.0,552.0,1099.0,1990.0,2621.0,1484.0,1020.0,624.0,428.0,363.0,312.0,332.0,342.0,336.0,334.0,354.0,371.0,300.0,310.0,295.0,341.0,435.0,735.0,1167.0,1707.0,1574.0,1058.0,626.0,401.0,292.0,223.0,154.0,151.0,61.0,14.0
9.0,0.0,0.0,0.0,0.0,0.0,0.0,0.0,0.0,0.0,5.0,40.0,192.0,378.0,849.0,1590.0,2602.0,2938.0,1671.0,1193.0,1033.0,857.0,889.0,930.0,968.0,865.0,1096.0,1079.0,957.0,942.0,1021.0,1088.0,1015.0,1277.0,1693.0,3116.0,4621.0,5125.0,3815.0,2255.0,1524.0,1463.0,1305.0,1191.0,929.0,554.0,225.0,61.0
4.0,0.0,0.0,0.0,0.0,0.0,0.0,0.0,0.0,0.0,0.0,7.0,36.0,93.0,373.0,622.0,1056.0,965.0,560.0,396.0,266.0,287.0,292.0,303.0,319.0,349.0,281.0,347.0,366.0,427.0,388.0,420.0,516.0,577.0,833.0,1804.0,2349.0,2311.0,1542.0,822.0,510.0,428.0,345.0,316.0,252.0,226.0,70.0,20.0
0.0,0.0,0.0,0.0,0.0,0.0,0.0,0.0,0.0,0.0,1.0,12.0,60.0,132.0,408.0,725.0,1259.0,1240.0,774.0,571.0,479.0,460.0,478.0,521.0,477.0,470.0,463.0,532.0,554.0,598.0,654.0,718.0,737.0,923.0,1517.0,3190.0,4396.0,4587.0,2899.0,1544.0,890.0,713.0,542.0,450.0,360.0,240.0,88.0,10.0
2.0,0.0,0.0,0.0,0.0,0.0,0.0,0.0,0.0,0.0,4.0,31.0,116.0,401.0,1056.0,1936.0,3289.0,3176.0,1833.0,1196.0,716.0,560.0,482.0,431.0,405.0,402.0,449.0,395.0,415.0,489.0,439.0,474.0,585.0,590.0,911.0,1794.0,2044.0,1999.0,1467.0,749.0,429.0,349.0,263.0,262.0,204.0,133.0,72.0,9.0
2.0,0.0,0.0,0.0,0.0,0.0,0.0,0.0,0.0,0.0,1.0,30.0,48.0,143.0,412.0,756.0,1512.0,1380.0,762.0,488.0,416.0,375.0,311.0,356.0,341.0,319.0,310.0,333.0,350.0,336.0,346.0,407.0,498.0,511.0,893.0,1832.0,2008.0,2030.0,1341.0,859.0,537.0,469.0,449.0,354.0,379.0,345.0,139.0,17.0
0.0,0.0,0.0,0.0,0.0,0.0,0.0,0.0,0.0,0.0,1.0,20.0,28.0,122.0,302.0,618.0,1134.0,1103.0,581.0,409.0,250.0,176.0,164.0,131.0,120.0,160.0,164.0,184.0,162.0,159.0,202.0,366.0,424.0,472.0,501.0,621.0,667.0,608.0,457.0,203.0,149.0,142.0,115.0,89.0,66.0,37.0,16.0,2.0
0.0,0.0,0.0,0.0,0.0,0.0,0.0,0.0,0.0,0.0,0.0,17.0,58.0,125.0,333.0,692.0,1071.0,1165.0,855.0,499.0,374.0,331.0,294.0,301.0,300.0,280.0,400.0,347.0,346.0,400.0,374.0,388.0,392.0,484.0,560.0,606.0,743.0,606.0,479.0,249.0,207.0,211.0,209.0,207.0,164.0,104.0,41.0,10.0
2.0,0.0,0.0,0.0,0.0,0.0,0.0,0.0,0.0,0.0,3.0,37.0,62.0,241.0,655.0,1294.0,2472.0,2309.0,1515.0,1070.0,870.0,900.0,828.0,763.0,681.0,729.0,633.0,794.0,809.0,920.0,1031.0,1157.0,1236.0,1257.0,1621.0,2372.0,2400.0,2378.0,1596.0,1022.0,827.0,774.0,873.0,825.0,755.0,554.0,188.0,25.0
29.0,0.0,0.0,0.0,0.0,0.0,0.0,0.0,0.0,0.0,167.0,686.0,1474.0,1271.0,1157.0,1012.0,1331.0,1492.0,1347.0,1071.0,928.0,1081.0,1243.0,1296.0,1218.0,1129.0,1033.0,1190.0,1147.0,1036.0,1122.0,1265.0,1429.0,1164.0,1057.0,1286.0,2017.0,2081.0,1567.0,965.0,776.0,1222.0,1123.0,810.0,982.0,855.0,907.0,311.0
0.0,0.0,0.0,0.0,0.0,0.0,0.0,0.0,0.0,0.0,2.0,17.0,48.0,136.0,343.0,688.0,1190.0,1175.0,662.0,581.0,461.0,570.0,541.0,620.0,651.0,612.0,625.0,703.0,743.0,817.0,847.0,969.0,1159.0,1358.0,1865.0,4154.0,6284.0,6897.0,5962.0,3483.0,2058.0,1456.0,1296.0,1225.0,995.0,612.0,282.0,37.0
0.0,0.0,0.0,0.0,0.0,0.0,0.0,0.0,0.0,0.0,0.0,13.0,47.0,93.0,245.0,517.0,859.0,807.0,505.0,414.0,384.0,436.0,490.0,480.0,476.0,436.0,387.0,416.0,464.0,451.0,559.0,654.0,706.0,750.0,1057.0,2182.0,3656.0,4352.0,3335.0,1780.0,977.0,698.0,567.0,510.0,404.0,313.0,169.0,27.0
6.0,0.0,0.0,0.0,0.0,0.0,0.0,0.0,0.0,0.0,0.0,26.0,150.0,450.0,1139.0,2046.0,3030.0,3053.0,1838.0,1480.0,1293.0,1137.0,1068.0,1101.0,1005.0,963.0,998.0,1057.0,1100.0,1002.0,970.0,1186.0,1335.0,1491.0,1993.0,3287.0,3908.0,4471.0,3741.0,2335.0,1543.0,1200.0,1203.0,1105.0,886.0,603.0,298.0,56.0
1.0,0.0,0.0,0.0,0.0,0.0,0.0,0.0,0.0,0.0,0.0,17.0,28.0,130.0,290.0,585.0,977.0,969.0,545.0,455.0,334.0,354.0,425.0,440.0,423.0,416.0,461.0,486.0,421.0,452.0,402.0,491.0,513.0,583.0,774.0,1364.0,2227.0,2555.0,1866.0,1094.0,587.0,419.0,350.0,362.0,271.0,182.0,70.0,9.0
0.0,0.0,0.0,0.0,0.0,0.0,0.0,0.0,0.0,0.0,1.0,18.0,29.0,119.0,395.0,857.0,1466.0,1454.0,835.0,534.0,342.0,265.0,235.0,249.0,201.0,187.0,221.0,263.0,261.0,253.0,253.0,325.0,375.0,367.0,568.0,1171.0,1450.0,1263.0,827.0,423.0,241.0,245.0,200.0,208.0,164.0,92.0,27.0,5.0
0.0,0.0,0.0,0.0,0.0,0.0,0.0,0.0,0.0,0.0,4.0,21.0,55.0,154.0,472.0,1001.0,1724.0,1586.0,800.0,491.0,350.0,259.0,231.0,228.0,205.0,181.0,268.0,282.0,238.0,212.0,251.0,353.0,357.0,488.0,675.0,1504.0,1565.0,1120.0,685.0,395.0,289.0,253.0,202.0,201.0,143.0,146.0,76.0,9.0
0.0,0.0,0.0,0.0,0.0,0.0,0.0,0.0,0.0,0.0,4.0,30.0,89.0,304.0,945.0,1720.0,2964.0,2829.0,1825.0,1256.0,869.0,743.0,632.0,705.0,605.0,690.0,707.0,643.0,673.0,717.0,746.0,771.0,860.0,865.0,1187.0,1771.0,2201.0,2106.0,1443.0,929.0,585.0,446.0,368.0,340.0,291.0,255.0,84.0,8.0
0.0,0.0,0.0,0.0,0.0,0.0,0.0,0.0,0.0,0.0,1.0,16.0,49.0,209.0,888.0,1392.0,1912.0,2212.0,1186.0,625.0,405.0,250.0,244.0,229.0,142.0,164.0,178.0,200.0,167.0,162.0,164.0,145.0,135.0,156.0,170.0,240.0,308.0,362.0,323.0,219.0,144.0,95.0,93.0,74.0,67.0,51.0,10.0,0.0
0.0,0.0,0.0,0.0,0.0,0.0,0.0,0.0,0.0,0.0,1.0,5.0,28.0,167.0,470.0,846.0,1806.0,2388.0,1437.0,859.0,518.0,354.0,293.0,305.0,231.0,266.0,282.0,280.0,252.0,262.0,210.0,204.0,258.0,253.0,268.0,373.0,375.0,371.0,280.0,187.0,134.0,101.0,95.0,85.0,64.0,40.0,17.0,3.0
0.0,0.0,0.0,0.0,0.0,0.0,0.0,0.0,0.0,0.0,1.0,9.0,42.0,113.0,289.0,617.0,1285.0,1822.0,1035.0,611.0,398.0,246.0,222.0,227.0,211.0,219.0,244.0,231.0,231.0,213.0,234.0,195.0,216.0,208.0,243.0,357.0,365.0,369.0,243.0,153.0,119.0,103.0,95.0,84.0,76.0,61.0,25.0,2.0
0.0,0.0,0.0,0.0,0.0,0.0,0.0,0.0,0.0,0.0,0.0,3.0,19.0,43.0,122.0,257.0,557.0,883.0,433.0,211.0,133.0,111.0,84.0,69.0,90.0,110.0,109.0,98.0,123.0,93.0,96.0,125.0,112.0,256.0,281.0,390.0,431.0,317.0,252.0,117.0,76.0,70.0,41.0,42.0,35.0,27.0,13.0,4.0
0.0,0.0,0.0,0.0,0.0,0.0,0.0,0.0,0.0,0.0,0.0,6.0,22.0,52.0,173.0,372.0,674.0,770.0,416.0,243.0,158.0,164.0,122.0,160.0,195.0,176.0,179.0,179.0,152.0,156.0,205.0,233.0,219.0,229.0,350.0,600.0,895.0,958.0,736.0,369.0,281.0,193.0,203.0,244.0,177.0,120.0,43.0,6.0
1.0,0.0,0.0,0.0,0.0,0.0,0.0,0.0,0.0,0.0,0.0,3.0,11.0,38.0,99.0,282.0,510.0,544.0,293.0,247.0,295.0,272.0,328.0,390.0,416.0,482.0,476.0,568.0,531.0,578.0,617.0,651.0,703.0,785.0,880.0,1411.0,2441.0,3427.0,3904.0,2904.0,1894.0,1117.0,868.0,625.0,440.0,218.0,95.0,15.0
0.0,0.0,0.0,0.0,0.0,0.0,0.0,0.0,0.0,0.0,0.0,8.0,15.0,72.0,247.0,474.0,757.0,743.0,448.0,398.0,373.0,336.0,381.0,386.0,420.0,501.0,497.0,582.0,619.0,546.0,630.0,739.0,889.0,1421.0,1959.0,2129.0,2564.0,3521.0,3740.0,2712.0,2112.0,1628.0,1400.0,1259.0,906.0,662.0,232.0,16.0
1.0,0.0,0.0,0.0,0.0,0.0,0.0,0.0,0.0,0.0,1.0,12.0,36.0,88.0,293.0,658.0,1231.0,1213.0,631.0,436.0,300.0,276.0,266.0,240.0,273.0,351.0,364.0,431.0,360.0,394.0,354.0,442.0,556.0,638.0,719.0,1319.0,1706.0,2039.0,1836.0,1053.0,718.0,535.0,493.0,452.0,495.0,448.0,170.0,19.0
0.0,0.0,0.0,0.0,0.0,0.0,0.0,0.0,0.0,0.0,0.0,3.0,22.0,61.0,198.0,372.0,838.0,851.0,581.0,381.0,265.0,227.0,254.0,255.0,292.0,314.0,330.0,313.0,310.0,339.0,334.0,316.0,337.0,451.0,616.0,960.0,1678.0,2053.0,1887.0,1088.0,620.0,431.0,347.0,368.0,254.0,200.0,74.0,7.0
2.0,0.0,0.0,0.0,0.0,0.0,0.0,0.0,0.0,0.0,0.0,3.0,15.0,52.0,186.0,367.0,550.0,633.0,361.0,273.0,171.0,159.0,177.0,196.0,227.0,216.0,192.0,200.0,219.0,198.0,270.0,253.0,309.0,379.0,641.0,1251.0,1376.0,1450.0,1074.0,604.0,407.0,325.0,274.0,278.0,186.0,142.0,60.0,10.0
0.0,0.0,0.0,0.0,0.0,0.0,0.0,0.0,0.0,0.0,0.0,1.0,17.0,33.0,75.0,161.0,297.0,285.0,197.0,156.0,155.0,156.0,205.0,260.0,315.0,505.0,494.0,436.0,482.0,527.0,546.0,581.0,525.0,687.0,684.0,881.0,881.0,738.0,477.0,247.0,130.0,128.0,72.0,67.0,67.0,42.0,27.0,7.0
2.0,0.0,0.0,0.0,0.0,0.0,0.0,0.0,0.0,0.0,0.0,8.0,21.0,87.0,224.0,433.0,750.0,655.0,355.0,286.0,220.0,222.0,195.0,203.0,171.0,173.0,176.0,169.0,160.0,184.0,170.0,219.0,262.0,430.0,552.0,971.0,935.0,621.0,376.0,288.0,199.0,108.0,129.0,130.0,95.0,56.0,28.0,10.0
0.0,0.0,0.0,0.0,0.0,0.0,0.0,0.0,0.0,0.0,0.0,11.0,35.0,98.0,262.0,526.0,926.0,883.0,608.0,478.0,344.0,285.0,255.0,232.0,227.0,252.0,250.0,290.0,266.0,293.0,307.0,347.0,477.0,531.0,741.0,1139.0,1017.0,772.0,517.0,388.0,282.0,276.0,248.0,254.0,216.0,121.0,64.0,16.0
2.0,0.0,0.0,0.0,0.0,0.0,0.0,0.0,0.0,0.0,0.0,4.0,17.0,45.0,139.0,219.0,396.0,397.0,263.0,226.0,161.0,158.0,169.0,165.0,147.0,117.0,164.0,151.0,183.0,183.0,175.0,244.0,282.0,354.0,543.0,784.0,693.0,658.0,399.0,256.0,200.0,172.0,167.0,137.0,79.0,61.0,22.0,4.0
1.0,0.0,0.0,0.0,0.0,0.0,0.0,0.0,0.0,0.0,0.0,9.0,20.0,39.0,148.0,313.0,511.0,380.0,271.0,196.0,181.0,184.0,221.0,193.0,191.0,157.0,194.0,223.0,209.0,238.0,229.0,452.0,523.0,411.0,592.0,1048.0,1718.0,1681.0,1134.0,666.0,475.0,451.0,420.0,489.0,347.0,328.0,102.0,13.0
0.0,0.0,0.0,0.0,0.0,0.0,0.0,0.0,0.0,0.0,0.0,7.0,27.0,106.0,309.0,539.0,852.0,832.0,530.0,371.0,250.0,167.0,194.0,190.0,177.0,186.0,190.0,193.0,199.0,214.0,201.0,244.0,300.0,285.0,385.0,732.0,819.0,676.0,456.0,289.0,228.0,188.0,223.0,189.0,152.0,123.0,59.0,7.0
1.0,0.0,0.0,0.0,0.0,0.0,0.0,0.0,0.0,0.0,0.0,16.0,62.0,250.0,808.0,1534.0,1983.0,2038.0,1139.0,757.0,435.0,427.0,354.0,320.0,275.0,291.0,329.0,350.0,352.0,342.0,343.0,452.0,572.0,665.0,769.0,1031.0,1125.0,970.0,695.0,350.0,274.0,249.0,216.0,200.0,161.0,139.0,82.0,16.0
6.0,0.0,0.0,0.0,0.0,0.0,0.0,0.0,0.0,0.0,0.0,10.0,50.0,146.0,605.0,1225.0,2279.0,2317.0,1450.0,1063.0,906.0,796.0,795.0,647.0,649.0,945.0,1073.0,1294.0,1130.0,1250.0,1287.0,1214.0,1262.0,1351.0,1595.0,1540.0,1657.0,1747.0,1561.0,1270.0,1176.0,1111.0,1012.0,902.0,628.0,497.0,367.0,113.0
0.0,0.0,0.0,0.0,0.0,0.0,0.0,0.0,0.0,0.0,2.0,20.0,59.0,239.0,795.0,1314.0,1976.0,1975.0,1038.0,676.0,404.0,330.0,242.0,268.0,191.0,233.0,261.0,301.0,278.0,256.0,257.0,238.0,247.0,276.0,295.0,438.0,590.0,530.0,369.0,222.0,165.0,187.0,139.0,131.0,120.0,88.0,35.0,14.0
0.0,0.0,0.0,0.0,0.0,0.0,0.0,0.0,0.0,0.0,5.0,26.0,76.0,319.0,1009.0,1806.0,2834.0,2855.0,1497.0,1014.0,562.0,478.0,340.0,319.0,289.0,302.0,336.0,364.0,329.0,346.0,346.0,329.0,320.0,330.0,393.0,563.0,599.0,586.0,455.0,300.0,242.0,252.0,216.0,200.0,168.0,141.0,55.0,8.0
0.0,0.0,0.0,0.0,0.0,0.0,0.0,0.0,0.0,0.0,3.0,24.0,88.0,293.0,1158.0,1814.0,2435.0,2388.0,1210.0,810.0,519.0,353.0,304.0,310.0,274.0,300.0,271.0,312.0,338.0,339.0,403.0,297.0,282.0,302.0,380.0,660.0,877.0,940.0,612.0,355.0,229.0,238.0,278.0,224.0,197.0,119.0,64.0,6.0
0.0,0.0,0.0,0.0,0.0,0.0,0.0,0.0,0.0,0.0,7.0,43.0,158.0,554.0,1705.0,3631.0,6142.0,6960.0,4120.0,2313.0,1318.0,959.0,660.0,613.0,489.0,587.0,554.0,573.0,483.0,454.0,418.0,374.0,398.0,404.0,462.0,464.0,478.0,458.0,353.0,215.0,191.0,155.0,151.0,125.0,91.0,64.0,40.0,5.0
0.0,0.0,0.0,0.0,0.0,0.0,0.0,0.0,0.0,0.0,7.0,62.0,208.0,605.0,1887.0,3541.0,5815.0,8007.0,5799.0,3246.0,1445.0,805.0,625.0,499.0,442.0,472.0,564.0,597.0,405.0,432.0,326.0,297.0,300.0,320.0,315.0,419.0,442.0,398.0,374.0,256.0,204.0,190.0,169.0,164.0,146.0,97.0,60.0,11.0
0.0,0.0,0.0,0.0,0.0,0.0,0.0,0.0,0.0,0.0,3.0,19.0,58.0,219.0,632.0,1181.0,2174.0,2636.0,1690.0,988.0,457.0,315.0,237.0,199.0,172.0,191.0,200.0,182.0,207.0,162.0,163.0,143.0,135.0,156.0,160.0,200.0,246.0,270.0,250.0,164.0,136.0,90.0,113.0,142.0,161.0,82.0,42.0,7.0
2.0,0.0,0.0,0.0,0.0,0.0,0.0,0.0,0.0,0.0,3.0,23.0,83.0,287.0,824.0,2156.0,4308.0,5632.0,3634.0,2201.0,999.0,525.0,387.0,294.0,309.0,363.0,325.0,403.0,341.0,341.0,308.0,282.0,258.0,316.0,340.0,437.0,568.0,723.0,553.0,446.0,298.0,286.0,278.0,190.0,197.0,159.0,75.0,11.0
0.0,0.0,0.0,0.0,0.0,0.0,0.0,0.0,0.0,0.0,0.0,11.0,39.0,180.0,651.0,1412.0,2085.0,2174.0,1506.0,1114.0,602.0,358.0,275.0,237.0,181.0,186.0,266.0,255.0,201.0,182.0,187.0,165.0,157.0,177.0,263.0,445.0,599.0,725.0,621.0,405.0,241.0,209.0,191.0,169.0,127.0,82.0,43.0,6.0
5.0,0.0,0.0,0.0,0.0,0.0,0.0,0.0,0.0,0.0,0.0,6.0,43.0,241.0,599.0,934.0,1372.0,1504.0,1055.0,770.0,443.0,317.0,311.0,324.0,241.0,291.0,288.0,272.0,294.0,317.0,272.0,334.0,285.0,330.0,474.0,837.0,1376.0,1859.0,1766.0,1163.0,721.0,459.0,400.0,345.0,259.0,148.0,65.0,14.0
1.0,0.0,0.0,0.0,0.0,0.0,0.0,0.0,0.0,0.0,1.0,12.0,23.0,136.0,360.0,719.0,1027.0,1215.0,819.0,553.0,355.0,268.0,195.0,250.0,207.0,251.0,264.0,295.0,269.0,300.0,288.0,343.0,344.0,324.0,549.0,921.0,1425.0,1752.0,1605.0,1135.0,740.0,506.0,425.0,465.0,404.0,250.0,104.0,30.0
3.0,0.0,0.0,0.0,0.0,0.0,0.0,0.0,0.0,0.0,1.0,15.0,37.0,182.0,509.0,934.0,1344.0,1444.0,1039.0,719.0,436.0,364.0,296.0,299.0,291.0,301.0,396.0,431.0,362.0,395.0,420.0,411.0,482.0,559.0,865.0,1677.0,2304.0,2400.0,1914.0,1043.0,649.0,482.0,498.0,390.0,316.0,270.0,103.0,27.0
0.0,0.0,0.0,0.0,0.0,0.0,0.0,0.0,0.0,0.0,1.0,13.0,38.0,176.0,482.0,928.0,1750.0,1866.0,1194.0,726.0,394.0,298.0,240.0,250.0,263.0,297.0,300.0,294.0,232.0,283.0,260.0,278.0,333.0,356.0,557.0,1038.0,1188.0,986.0,787.0,497.0,378.0,299.0,335.0,332.0,239.0,137.0,84.0,16.0
2.0,0.0,0.0,0.0,0.0,0.0,0.0,0.0,0.0,0.0,0.0,6.0,19.0,142.0,392.0,635.0,1079.0,1140.0,652.0,455.0,343.0,323.0,260.0,237.0,234.0,262.0,217.0,236.0,240.0,273.0,233.0,282.0,327.0,371.0,631.0,1154.0,1725.0,1987.0,1551.0,903.0,504.0,446.0,399.0,341.0,213.0,169.0,80.0,23.0
1.0,0.0,0.0,0.0,0.0,0.0,0.0,0.0,0.0,0.0,0.0,12.0,29.0,145.0,450.0,751.0,1179.0,1062.0,580.0,367.0,241.0,190.0,201.0,218.0,184.0,183.0,195.0,177.0,179.0,197.0,205.0,264.0,457.0,363.0,600.0,1093.0,1273.0,1046.0,597.0,346.0,282.0,283.0,177.0,178.0,98.0,83.0,27.0,9.0
0.0,0.0,0.0,0.0,0.0,0.0,0.0,0.0,0.0,0.0,0.0,7.0,28.0,95.0,232.0,450.0,631.0,672.0,400.0,252.0,210.0,157.0,165.0,176.0,119.0,144.0,172.0,221.0,215.0,189.0,229.0,328.0,395.0,487.0,543.0,782.0,760.0,766.0,743.0,534.0,407.0,328.0,336.0,331.0,298.0,230.0,142.0,22.0
0.0,0.0,0.0,0.0,0.0,0.0,0.0,0.0,0.0,0.0,0.0,4.0,18.0,55.0,161.0,313.0,493.0,485.0,258.0,212.0,153.0,132.0,121.0,164.0,137.0,137.0,144.0,148.0,175.0,136.0,151.0,321.0,370.0,334.0,422.0,622.0,708.0,567.0,357.0,220.0,158.0,129.0,141.0,132.0,92.0,80.0,48.0,9.0
0.0,0.0,0.0,0.0,0.0,0.0,0.0,0.0,0.0,0.0,0.0,7.0,30.0,86.0,232.0,389.0,598.0,643.0,381.0,328.0,234.0,207.0,246.0,214.0,237.0,246.0,211.0,272.0,246.0,273.0,294.0,417.0,643.0,617.0,1009.0,1465.0,1556.0,1323.0,907.0,498.0,369.0,338.0,388.0,276.0,261.0,203.0,123.0,58.0
2.0,0.0,0.0,0.0,0.0,0.0,0.0,0.0,0.0,0.0,0.0,2.0,14.0,50.0,137.0,247.0,349.0,325.0,243.0,186.0,164.0,162.0,227.0,212.0,222.0,182.0,200.0,206.0,192.0,243.0,302.0,716.0,706.0,734.0,987.0,1432.0,1859.0,1907.0,1462.0,815.0,563.0,414.0,361.0,410.0,351.0,374.0,146.0,47.0
1.0,1.0,0.0,0.0,0.0,0.0,0.0,0.0,0.0,0.0,1.0,8.0,23.0,101.0,244.0,393.0,606.0,618.0,460.0,393.0,259.0,212.0,273.0,242.0,224.0,247.0,192.0,229.0,257.0,260.0,265.0,310.0,348.0,382.0,468.0,769.0,980.0,1181.0,797.0,496.0,335.0,277.0,297.0,237.0,180.0,121.0,66.0,15.0
0.0,0.0,0.0,0.0,0.0,0.0,0.0,0.0,0.0,0.0,0.0,11.0,27.0,140.0,359.0,704.0,1209.0,1154.0,703.0,481.0,307.0,237.0,216.0,210.0,205.0,207.0,211.0,226.0,245.0,224.0,275.0,305.0,374.0,472.0,531.0,774.0,899.0,752.0,475.0,276.0,180.0,127.0,111.0,99.0,86.0,59.0,55.0,6.0
0.0,1.0,0.0,0.0,0.0,0.0,0.0,0.0,0.0,0.0,0.0,49.0,103.0,374.0,1209.0,2315.0,3712.0,4136.0,2370.0,1391.0,755.0,591.0,395.0,335.0,269.0,358.0,427.0,390.0,408.0,389.0,369.0,352.0,397.0,460.0,601.0,688.0,687.0,697.0,514.0,377.0,265.0,246.0,226.0,227.0,210.0,160.0,95.0,16.0
0.0,0.0,0.0,0.0,0.0,0.0,0.0,0.0,0.0,0.0,0.0,27.0,91.0,380.0,1043.0,1991.0,3250.0,3898.0,2084.0,1255.0,680.0,562.0,445.0,488.0,405.0,467.0,501.0,478.0,469.0,459.0,397.0,442.0,427.0,470.0,581.0,936.0,959.0,965.0,717.0,461.0,274.0,255.0,222.0,172.0,133.0,113.0,70.0,18.0
1.0,0.0,0.0,0.0,0.0,0.0,1.0,0.0,0.0,0.0,1.0,41.0,123.0,572.0,1692.0,2744.0,4779.0,5864.0,3011.0,1705.0,904.0,691.0,512.0,500.0,410.0,441.0,493.0,524.0,485.0,469.0,440.0,599.0,605.0,592.0,575.0,782.0,911.0,873.0,661.0,428.0,312.0,255.0,233.0,201.0,162.0,138.0,61.0,25.0
0.0,2.0,0.0,0.0,0.0,0.0,0.0,0.0,0.0,0.0,1.0,21.0,51.0,248.0,713.0,1613.0,2993.0,3452.0,1888.0,1124.0,649.0,508.0,454.0,348.0,351.0,366.0,385.0,371.0,363.0,347.0,373.0,384.0,360.0,442.0,538.0,829.0,1373.0,1545.0,1200.0,690.0,419.0,286.0,213.0,205.0,156.0,119.0,94.0,23.0
0.0,0.0,0.0,0.0,0.0,0.0,0.0,0.0,0.0,0.0,0.0,3.0,26.0,55.0,268.0,614.0,1054.0,1057.0,568.0,326.0,156.0,134.0,117.0,91.0,92.0,103.0,83.0,95.0,81.0,94.0,94.0,101.0,102.0,134.0,220.0,338.0,430.0,432.0,316.0,210.0,107.0,79.0,57.0,57.0,62.0,49.0,19.0,2.0
0.0,0.0,0.0,0.0,0.0,0.0,0.0,0.0,0.0,0.0,0.0,3.0,16.0,91.0,244.0,501.0,954.0,1025.0,521.0,335.0,236.0,197.0,156.0,142.0,138.0,185.0,196.0,245.0,220.0,235.0,216.0,197.0,210.0,284.0,415.0,773.0,1121.0,1319.0,1045.0,575.0,300.0,256.0,156.0,147.0,148.0,112.0,60.0,11.0
0.0,0.0,0.0,0.0,0.0,0.0,0.0,0.0,0.0,0.0,0.0,4.0,33.0,82.0,251.0,548.0,980.0,907.0,582.0,327.0,276.0,227.0,213.0,225.0,228.0,198.0,219.0,247.0,240.0,268.0,227.0,236.0,321.0,462.0,787.0,1813.0,2459.0,2449.0,1605.0,838.0,508.0,382.0,326.0,304.0,188.0,150.0,92.0,15.0
0.0,0.0,0.0,0.0,0.0,0.0,0.0,0.0,0.0,0.0,0.0,0.0,12.0,42.0,155.0,318.0,562.0,650.0,318.0,214.0,161.0,122.0,113.0,112.0,125.0,143.0,137.0,146.0,138.0,157.0,112.0,167.0,187.0,258.0,401.0,808.0,1071.0,949.0,540.0,272.0,160.0,147.0,144.0,123.0,82.0,60.0,38.0,5.0
0.0,0.0,0.0,0.0,0.0,0.0,1.0,0.0,0.0,0.0,0.0,0.0,11.0,36.0,105.0,225.0,342.0,334.0,265.0,187.0,155.0,175.0,147.0,131.0,154.0,106.0,134.0,141.0,130.0,131.0,172.0,218.0,269.0,458.0,650.0,710.0,493.0,328.0,177.0,131.0,109.0,104.0,121.0,130.0,82.0,64.0,36.0,10.0
1.0,0.0,0.0,0.0,0.0,0.0,0.0,0.0,0.0,0.0,1.0,1.0,13.0,56.0,129.0,263.0,501.0,485.0,310.0,275.0,213.0,225.0,213.0,232.0,218.0,207.0,241.0,277.0,291.0,315.0,304.0,446.0,422.0,642.0,629.0,957.0,1047.0,787.0,596.0,461.0,332.0,306.0,317.0,266.0,224.0,189.0,114.0,15.0
4.0,0.0,0.0,0.0,0.0,0.0,0.0,0.0,0.0,0.0,0.0,4.0,24.0,70.0,172.0,301.0,482.0,544.0,385.0,367.0,364.0,356.0,385.0,414.0,440.0,378.0,359.0,408.0,443.0,543.0,513.0,533.0,649.0,747.0,1136.0,1860.0,2490.0,3514.0,3043.0,1834.0,1240.0,818.0,755.0,768.0,638.0,508.0,205.0,54.0
2.0,0.0,0.0,0.0,0.0,0.0,0.0,0.0,0.0,0.0,0.0,5.0,37.0,133.0,253.0,568.0,966.0,1051.0,654.0,495.0,354.0,313.0,331.0,340.0,325.0,307.0,305.0,335.0,342.0,392.0,397.0,470.0,503.0,603.0,810.0,1564.0,2742.0,3421.0,2863.0,1599.0,1022.0,764.0,729.0,704.0,430.0,339.0,176.0,56.0
1.0,0.0,0.0,0.0,0.0,0.0,0.0,0.0,0.0,0.0,0.0,11.0,54.0,196.0,467.0,816.0,1264.0,1507.0,1042.0,706.0,445.0,331.0,290.0,265.0,220.0,263.0,275.0,293.0,293.0,272.0,303.0,341.0,355.0,407.0,571.0,970.0,1317.0,1468.0,1212.0,812.0,466.0,383.0,291.0,289.0,257.0,179.0,133.0,23.0
1.0,0.0,0.0,0.0,0.0,0.0,0.0,0.0,0.0,0.0,0.0,15.0,88.0,370.0,798.0,1543.0,2245.0,2118.0,1645.0,1168.0,690.0,490.0,319.0,320.0,313.0,317.0,315.0,331.0,291.0,335.0,308.0,302.0,270.0,321.0,427.0,581.0,827.0,931.0,726.0,554.0,376.0,293.0,264.0,245.0,198.0,174.0,84.0,21.0
1.0,0.0,0.0,0.0,0.0,0.0,0.0,0.0,0.0,0.0,0.0,11.0,66.0,309.0,738.0,1660.0,2522.0,2514.0,1760.0,1331.0,746.0,539.0,437.0,396.0,358.0,388.0,471.0,508.0,503.0,496.0,454.0,428.0,494.0,541.0,589.0,798.0,1043.0,1332.0,1190.0,940.0,645.0,636.0,600.0,597.0,562.0,437.0,169.0,42.0
0.0,0.0,0.0,0.0,0.0,0.0,0.0,0.0,0.0,0.0,0.0,14.0,68.0,271.0,578.0,1152.0,2117.0,2470.0,1574.0,959.0,526.0,368.0,213.0,194.0,206.0,220.0,232.0,230.0,221.0,196.0,163.0,144.0,164.0,161.0,175.0,199.0,275.0,285.0,234.0,194.0,120.0,67.0,82.0,72.0,52.0,48.0,26.0,10.0
0.0,0.0,0.0,0.0,0.0,0.0,0.0,0.0,0.0,0.0,0.0,15.0,74.0,289.0,578.0,1326.0,2611.0,3316.0,2130.0,1261.0,613.0,403.0,283.0,190.0,176.0,216.0,232.0,201.0,171.0,184.0,147.0,131.0,135.0,181.0,221.0,275.0,280.0,306.0,278.0,196.0,150.0,122.0,102.0,73.0,81.0,47.0,23.0,8.0
1.0,0.0,0.0,0.0,0.0,0.0,0.0,0.0,0.0,0.0,0.0,29.0,77.0,255.0,591.0,1411.0,2511.0,3033.0,1846.0,1137.0,587.0,386.0,264.0,228.0,204.0,244.0,239.0,250.0,280.0,213.0,208.0,186.0,175.0,208.0,214.0,269.0,338.0,435.0,365.0,281.0,229.0,200.0,199.0,209.0,175.0,172.0,106.0,11.0
0.0,0.0,0.0,0.0,0.0,0.0,0.0,0.0,0.0,0.0,1.0,26.0,112.0,383.0,848.0,1813.0,3400.0,4193.0,2515.0,1667.0,948.0,723.0,548.0,458.0,371.0,449.0,416.0,464.0,354.0,355.0,302.0,309.0,268.0,271.0,283.0,355.0,470.0,493.0,363.0,259.0,221.0,118.0,136.0,102.0,80.0,69.0,40.0,4.0
0.0,0.0,0.0,0.0,0.0,0.0,0.0,0.0,0.0,0.0,0.0,1.0,12.0,114.0,492.0,907.0,1680.0,2180.0,1464.0,757.0,450.0,313.0,232.0,166.0,211.0,164.0,203.0,166.0,131.0,157.0,136.0,129.0,148.0,134.0,143.0,160.0,185.0,226.0,134.0,108.0,70.0,70.0,67.0,57.0,37.0,37.0,20.0,5.0
0.0,0.0,0.0,0.0,0.0,0.0,0.0,0.0,0.0,0.0,0.0,0.0,0.0,14.0,58.0,170.0,377.0,497.0,295.0,158.0,83.0,66.0,36.0,48.0,37.0,33.0,39.0,38.0,34.0,31.0,28.0,22.0,25.0,37.0,39.0,33.0,28.0,39.0,38.0,17.0,5.0,7.0,13.0,7.0,10.0,7.0,2.0,5.0
0.0,0.0,0.0,0.0,0.0,0.0,0.0,0.0,0.0,0.0,0.0,0.0,2.0,60.0,246.0,745.0,1106.0,1523.0,963.0,523.0,275.0,187.0,123.0,77.0,100.0,66.0,95.0,93.0,59.0,67.0,68.0,40.0,62.0,52.0,57.0,82.0,80.0,65.0,64.0,37.0,32.0,21.0,26.0,22.0,14.0,15.0,13.0,1.0
1.0,0.0,0.0,0.0,0.0,0.0,0.0,0.0,0.0,0.0,0.0,0.0,2.0,12.0,25.0,92.0,213.0,244.0,164.0,67.0,41.0,25.0,16.0,27.0,16.0,10.0,10.0,21.0,14.0,14.0,9.0,11.0,10.0,14.0,21.0,17.0,17.0,16.0,6.0,16.0,3.0,1.0,6.0,1.0,3.0,1.0,0.0,0.0
0.0,0.0,0.0,0.0,0.0,0.0,0.0,0.0,0.0,0.0,0.0,0.0,1.0,10.0,52.0,105.0,183.0,247.0,135.0,66.0,40.0,34.0,35.0,27.0,23.0,25.0,24.0,18.0,20.0,18.0,21.0,16.0,15.0,13.0,11.0,17.0,29.0,20.0,10.0,9.0,7.0,7.0,8.0,2.0,2.0,4.0,1.0,0.0
1.0,0.0,0.0,0.0,0.0,0.0,0.0,0.0,0.0,0.0,0.0,0.0,2.0,10.0,45.0,172.0,410.0,395.0,177.0,113.0,76.0,55.0,34.0,28.0,21.0,26.0,24.0,23.0,22.0,29.0,18.0,12.0,19.0,25.0,45.0,30.0,36.0,28.0,17.0,17.0,25.0,7.0,7.0,7.0,10.0,6.0,1.0,0.0
9.0,0.0,0.0,0.0,0.0,0.0,0.0,0.0,0.0,0.0,1.0,120.0,619.0,1025.0,1157.0,1369.0,1221.0,1238.0,1361.0,1589.0,1396.0,1295.0,1320.0,1244.0,1320.0,1183.0,1315.0,1370.0,1536.0,1542.0,1499.0,1502.0,1454.0,1546.0,1576.0,1656.0,1896.0,2143.0,2025.0,1527.0,1140.0,937.0,1142.0,1571.0,1737.0,1645.0,1048.0,303.0
0.0,0.0,0.0,0.0,0.0,0.0,0.0,0.0,0.0,0.0,0.0,3.0,22.0,81.0,291.0,655.0,1023.0,1036.0,582.0,326.0,224.0,184.0,167.0,159.0,126.0,131.0,152.0,171.0,180.0,174.0,159.0,150.0,168.0,243.0,324.0,456.0,619.0,668.0,416.0,264.0,135.0,113.0,96.0,94.0,74.0,61.0,28.0,13.0
0.0,0.0,0.0,0.0,0.0,0.0,0.0,0.0,0.0,0.0,0.0,3.0,23.0,117.0,499.0,1114.0,1745.0,1882.0,1039.0,632.0,332.0,229.0,184.0,181.0,140.0,113.0,176.0,196.0,182.0,163.0,190.0,170.0,141.0,198.0,269.0,409.0,499.0,481.0,360.0,219.0,136.0,130.0,130.0,137.0,124.0,71.0,43.0,7.0
0.0,0.0,0.0,0.0,0.0,0.0,0.0,0.0,0.0,0.0,0.0,3.0,9.0,54.0,187.0,363.0,582.0,701.0,427.0,343.0,236.0,229.0,233.0,220.0,213.0,198.0,201.0,233.0,212.0,206.0,237.0,257.0,311.0,391.0,448.0,794.0,1054.0,977.0,580.0,323.0,207.0,144.0,171.0,148.0,103.0,58.0,36.0,4.0
0.0,0.0,0.0,0.0,0.0,0.0,0.0,0.0,0.0,0.0,0.0,2.0,5.0,28.0,89.0,244.0,339.0,324.0,185.0,171.0,103.0,94.0,84.0,71.0,81.0,84.0,85.0,86.0,68.0,101.0,97.0,93.0,127.0,128.0,155.0,257.0,319.0,313.0,170.0,105.0,93.0,95.0,75.0,95.0,52.0,49.0,20.0,4.0
0.0,0.0,0.0,0.0,0.0,0.0,0.0,0.0,0.0,0.0,0.0,2.0,9.0,27.0,46.0,94.0,180.0,217.0,147.0,110.0,95.0,77.0,67.0,84.0,82.0,78.0,97.0,69.0,123.0,118.0,116.0,115.0,112.0,148.0,170.0,209.0,295.0,279.0,176.0,86.0,87.0,88.0,48.0,45.0,42.0,23.0,19.0,1.0
0.0,0.0,0.0,0.0,0.0,0.0,0.0,0.0,0.0,0.0,0.0,2.0,7.0,22.0,56.0,125.0,177.0,176.0,127.0,99.0,73.0,66.0,58.0,58.0,50.0,45.0,36.0,46.0,56.0,42.0,56.0,42.0,68.0,62.0,107.0,133.0,245.0,242.0,179.0,90.0,42.0,23.0,31.0,26.0,33.0,24.0,10.0,1.0
0.0,0.0,0.0,0.0,0.0,0.0,0.0,0.0,0.0,0.0,0.0,2.0,34.0,103.0,257.0,514.0,737.0,810.0,410.0,284.0,205.0,170.0,137.0,131.0,110.0,143.0,136.0,131.0,153.0,163.0,137.0,189.0,158.0,249.0,344.0,572.0,707.0,798.0,632.0,351.0,220.0,153.0,128.0,144.0,142.0,118.0,56.0,4.0
0.0,0.0,0.0,0.0,0.0,0.0,0.0,0.0,0.0,0.0,0.0,0.0,11.0,72.0,203.0,377.0,600.0,583.0,382.0,195.0,133.0,131.0,90.0,103.0,79.0,84.0,66.0,96.0,92.0,101.0,102.0,117.0,166.0,131.0,164.0,279.0,395.0,523.0,425.0,222.0,149.0,91.0,67.0,71.0,65.0,38.0,24.0,2.0
0.0,0.0,0.0,0.0,0.0,0.0,0.0,0.0,0.0,0.0,0.0,0.0,10.0,30.0,94.0,193.0,353.0,386.0,191.0,159.0,76.0,80.0,74.0,64.0,61.0,70.0,70.0,63.0,75.0,77.0,75.0,71.0,74.0,86.0,114.0,187.0,310.0,348.0,283.0,162.0,91.0,78.0,61.0,68.0,54.0,35.0,18.0,5.0
0.0,0.0,0.0,0.0,0.0,0.0,0.0,0.0,0.0,0.0,0.0,1.0,12.0,20.0,50.0,94.0,187.0,220.0,137.0,99.0,62.0,61.0,58.0,69.0,78.0,53.0,92.0,94.0,81.0,75.0,73.0,67.0,83.0,106.0,141.0,210.0,362.0,489.0,427.0,224.0,122.0,99.0,62.0,42.0,35.0,37.0,10.0,1.0
0.0,0.0,0.0,0.0,0.0,0.0,0.0,0.0,0.0,0.0,0.0,5.0,14.0,41.0,111.0,250.0,477.0,623.0,358.0,221.0,130.0,99.0,107.0,86.0,110.0,82.0,93.0,89.0,103.0,107.0,109.0,104.0,98.0,103.0,134.0,224.0,399.0,514.0,425.0,272.0,139.0,83.0,72.0,69.0,40.0,31.0,12.0,2.0
0.0,0.0,0.0,0.0,0.0,0.0,0.0,0.0,0.0,0.0,0.0,0.0,1.0,1.0,4.0,12.0,14.0,15.0,8.0,36.0,8.0,6.0,6.0,15.0,7.0,6.0,3.0,1.0,5.0,2.0,4.0,2.0,3.0,7.0,11.0,19.0,22.0,28.0,8.0,2.0,5.0,1.0,0.0,0.0,1.0,1.0,0.0,0.0
0.0,0.0,0.0,0.0,0.0,0.0,0.0,0.0,0.0,0.0,0.0,1.0,5.0,53.0,95.0,190.0,264.0,339.0,174.0,123.0,85.0,81.0,61.0,56.0,51.0,64.0,43.0,38.0,43.0,63.0,56.0,47.0,47.0,68.0,54.0,100.0,99.0,89.0,81.0,63.0,43.0,22.0,22.0,15.0,7.0,9.0,7.0,1.0
1.0,0.0,0.0,0.0,0.0,0.0,0.0,0.0,0.0,0.0,0.0,2.0,17.0,72.0,193.0,441.0,723.0,832.0,405.0,257.0,181.0,88.0,93.0,88.0,90.0,86.0,91.0,90.0,93.0,79.0,86.0,59.0,55.0,73.0,80.0,94.0,86.0,103.0,84.0,72.0,66.0,55.0,52.0,46.0,28.0,20.0,14.0,1.0
0.0,0.0,0.0,0.0,0.0,0.0,0.0,0.0,0.0,0.0,0.0,1.0,22.0,78.0,189.0,266.0,478.0,552.0,253.0,125.0,76.0,70.0,44.0,37.0,22.0,27.0,45.0,33.0,49.0,44.0,46.0,28.0,33.0,29.0,38.0,43.0,53.0,30.0,13.0,19.0,10.0,10.0,9.0,8.0,7.0,5.0,6.0,2.0
0.0,0.0,0.0,0.0,0.0,0.0,0.0,0.0,0.0,0.0,0.0,3.0,5.0,24.0,57.0,110.0,192.0,281.0,174.0,105.0,72.0,57.0,45.0,39.0,40.0,25.0,25.0,35.0,45.0,37.0,24.0,24.0,31.0,24.0,35.0,52.0,58.0,42.0,37.0,14.0,19.0,9.0,20.0,8.0,9.0,6.0,0.0,0.0
2.0,0.0,0.0,0.0,0.0,0.0,0.0,0.0,0.0,0.0,2.0,11.0,30.0,105.0,394.0,1183.0,2512.0,3103.0,1814.0,821.0,386.0,228.0,169.0,145.0,119.0,107.0,120.0,136.0,138.0,124.0,104.0,87.0,90.0,92.0,133.0,250.0,270.0,205.0,141.0,119.0,71.0,59.0,55.0,48.0,32.0,24.0,8.0,3.0
0.0,0.0,0.0,0.0,0.0,0.0,0.0,0.0,0.0,0.0,0.0,4.0,10.0,47.0,97.0,327.0,641.0,859.0,510.0,285.0,160.0,112.0,89.0,76.0,80.0,80.0,72.0,82.0,75.0,75.0,62.0,67.0,70.0,83.0,112.0,110.0,106.0,88.0,75.0,46.0,59.0,31.0,35.0,32.0,30.0,17.0,15.0,1.0
0.0,0.0,0.0,0.0,0.0,0.0,0.0,0.0,0.0,0.0,0.0,1.0,13.0,38.0,150.0,393.0,801.0,997.0,591.0,331.0,129.0,87.0,58.0,43.0,27.0,33.0,37.0,48.0,34.0,35.0,32.0,23.0,26.0,31.0,59.0,93.0,93.0,83.0,36.0,27.0,15.0,25.0,21.0,13.0,17.0,6.0,4.0,0.0
0.0,0.0,0.0,0.0,0.0,0.0,0.0,0.0,0.0,0.0,4.0,12.0,37.0,150.0,545.0,1616.0,3498.0,4740.0,2819.0,1398.0,547.0,320.0,231.0,164.0,166.0,178.0,192.0,190.0,153.0,141.0,120.0,129.0,153.0,147.0,158.0,158.0,261.0,289.0,194.0,110.0,117.0,97.0,87.0,80.0,64.0,51.0,10.0,2.0
3.0,0.0,0.0,0.0,0.0,0.0,0.0,0.0,0.0,0.0,1.0,28.0,66.0,307.0,1007.0,2633.0,5667.0,7210.0,4527.0,2483.0,941.0,483.0,274.0,270.0,232.0,228.0,277.0,252.0,236.0,190.0,176.0,170.0,207.0,210.0,239.0,294.0,315.0,310.0,264.0,162.0,139.0,110.0,101.0,89.0,80.0,46.0,40.0,6.0
0.0,0.0,0.0,0.0,0.0,0.0,0.0,0.0,0.0,0.0,4.0,12.0,26.0,167.0,474.0,1325.0,2739.0,3354.0,2102.0,1157.0,514.0,294.0,230.0,171.0,193.0,167.0,217.0,228.0,211.0,171.0,186.0,163.0,191.0,201.0,243.0,292.0,460.0,541.0,459.0,341.0,182.0,150.0,203.0,166.0,152.0,61.0,25.0,1.0
0.0,0.0,0.0,0.0,0.0,0.0,0.0,0.0,0.0,0.0,0.0,6.0,11.0,48.0,131.0,306.0,634.0,722.0,459.0,247.0,144.0,80.0,66.0,64.0,79.0,49.0,66.0,62.0,47.0,57.0,49.0,59.0,60.0,76.0,103.0,228.0,523.0,707.0,549.0,361.0,220.0,167.0,113.0,133.0,76.0,42.0,18.0,3.0
0.0,0.0,0.0,0.0,0.0,0.0,0.0,0.0,0.0,0.0,2.0,9.0,45.0,144.0,457.0,1226.0,2425.0,2734.0,1839.0,1007.0,433.0,239.0,173.0,150.0,156.0,150.0,214.0,223.0,201.0,164.0,160.0,156.0,173.0,175.0,237.0,331.0,478.0,477.0,427.0,314.0,186.0,159.0,148.0,192.0,182.0,81.0,20.0,2.0
0.0,0.0,0.0,0.0,0.0,0.0,0.0,0.0,0.0,0.0,0.0,1.0,7.0,41.0,189.0,427.0,597.0,569.0,420.0,247.0,144.0,84.0,56.0,56.0,56.0,78.0,80.0,91.0,56.0,69.0,86.0,74.0,61.0,95.0,154.0,243.0,353.0,357.0,281.0,152.0,89.0,67.0,70.0,81.0,60.0,45.0,15.0,0.0
0.0,0.0,0.0,0.0,0.0,0.0,0.0,0.0,0.0,0.0,0.0,0.0,0.0,4.0,27.0,53.0,89.0,77.0,35.0,33.0,29.0,31.0,56.0,23.0,23.0,13.0,23.0,27.0,21.0,35.0,48.0,86.0,81.0,71.0,85.0,119.0,128.0,91.0,75.0,69.0,45.0,39.0,41.0,21.0,11.0,10.0,2.0,0.0
0.0,0.0,0.0,0.0,0.0,0.0,0.0,0.0,0.0,0.0,0.0,4.0,7.0,22.0,61.0,203.0,328.0,370.0,212.0,173.0,112.0,85.0,103.0,138.0,126.0,161.0,132.0,190.0,160.0,174.0,167.0,251.0,223.0,282.0,345.0,592.0,987.0,1300.0,1378.0,1031.0,764.0,667.0,540.0,538.0,385.0,152.0,38.0,7.0
0.0,0.0,0.0,0.0,0.0,0.0,0.0,0.0,0.0,0.0,0.0,0.0,0.0,3.0,11.0,19.0,38.0,45.0,40.0,30.0,22.0,21.0,48.0,55.0,51.0,66.0,59.0,64.0,73.0,75.0,79.0,104.0,101.0,140.0,165.0,236.0,433.0,519.0,472.0,278.0,191.0,138.0,113.0,113.0,73.0,30.0,15.0,1.0
2.0,0.0,0.0,0.0,0.0,0.0,0.0,0.0,0.0,0.0,0.0,1.0,17.0,53.0,167.0,443.0,696.0,782.0,489.0,335.0,181.0,124.0,124.0,102.0,92.0,111.0,137.0,136.0,123.0,129.0,124.0,144.0,162.0,203.0,266.0,558.0,785.0,721.0,532.0,273.0,202.0,177.0,143.0,116.0,92.0,72.0,25.0,10.0
0.0,0.0,0.0,0.0,0.0,0.0,0.0,0.0,0.0,0.0,0.0,4.0,20.0,90.0,231.0,476.0,916.0,981.0,512.0,334.0,203.0,142.0,143.0,144.0,124.0,127.0,150.0,141.0,153.0,152.0,162.0,178.0,234.0,279.0,333.0,743.0,1059.0,1076.0,786.0,471.0,296.0,247.0,190.0,146.0,122.0,110.0,36.0,4.0
0.0,0.0,0.0,0.0,0.0,0.0,0.0,0.0,0.0,0.0,0.0,3.0,3.0,17.0,36.0,98.0,175.0,202.0,112.0,90.0,46.0,44.0,63.0,74.0,45.0,57.0,76.0,84.0,95.0,85.0,111.0,101.0,119.0,144.0,164.0,201.0,204.0,205.0,199.0,126.0,151.0,119.0,113.0,109.0,104.0,102.0,54.0,6.0
0.0,0.0,0.0,0.0,0.0,0.0,0.0,0.0,0.0,0.0,0.0,4.0,18.0,60.0,191.0,343.0,597.0,606.0,405.0,243.0,194.0,180.0,207.0,182.0,184.0,146.0,174.0,155.0,151.0,152.0,178.0,180.0,248.0,313.0,434.0,863.0,967.0,807.0,480.0,299.0,178.0,142.0,96.0,111.0,63.0,58.0,27.0,4.0
1.0,0.0,0.0,0.0,0.0,0.0,0.0,0.0,0.0,0.0,0.0,8.0,69.0,320.0,946.0,1680.0,2434.0,2931.0,1926.0,1242.0,801.0,634.0,553.0,540.0,474.0,490.0,440.0,444.0,410.0,413.0,404.0,387.0,395.0,452.0,500.0,689.0,782.0,719.0,576.0,409.0,285.0,198.0,185.0,166.0,144.0,100.0,44.0,8.0
2.0,0.0,0.0,0.0,0.0,0.0,0.0,0.0,0.0,0.0,0.0,12.0,68.0,172.0,363.0,767.0,1311.0,1282.0,712.0,462.0,250.0,220.0,179.0,166.0,160.0,156.0,217.0,183.0,254.0,232.0,240.0,227.0,290.0,242.0,251.0,336.0,357.0,332.0,234.0,172.0,147.0,146.0,97.0,77.0,83.0,63.0,16.0,9.0
1.0,0.0,0.0,0.0,0.0,0.0,0.0,0.0,0.0,0.0,0.0,8.0,36.0,135.0,409.0,842.0,1168.0,1319.0,643.0,422.0,267.0,217.0,194.0,204.0,205.0,192.0,203.0,196.0,198.0,183.0,193.0,191.0,210.0,235.0,295.0,390.0,596.0,475.0,376.0,246.0,173.0,160.0,171.0,168.0,127.0,105.0,49.0,14.0
0.0,0.0,0.0,0.0,0.0,0.0,0.0,0.0,0.0,0.0,0.0,3.0,24.0,89.0,252.0,577.0,862.0,953.0,440.0,264.0,168.0,114.0,121.0,131.0,107.0,103.0,107.0,123.0,88.0,89.0,76.0,81.0,86.0,126.0,143.0,209.0,212.0,225.0,151.0,87.0,64.0,40.0,60.0,36.0,32.0,25.0,15.0,3.0
0.0,0.0,0.0,0.0,0.0,0.0,0.0,0.0,0.0,0.0,0.0,15.0,56.0,137.0,415.0,851.0,1479.0,1610.0,776.0,475.0,265.0,199.0,169.0,143.0,128.0,147.0,159.0,162.0,135.0,160.0,105.0,120.0,155.0,191.0,217.0,326.0,384.0,247.0,231.0,130.0,92.0,108.0,78.0,75.0,66.0,49.0,22.0,5.0
0.0,0.0,0.0,0.0,0.0,0.0,0.0,0.0,0.0,0.0,0.0,5.0,17.0,76.0,245.0,544.0,945.0,978.0,530.0,309.0,179.0,134.0,108.0,106.0,121.0,134.0,112.0,139.0,117.0,108.0,125.0,99.0,99.0,125.0,186.0,318.0,514.0,529.0,359.0,224.0,146.0,100.0,100.0,82.0,51.0,62.0,31.0,6.0
0.0,0.0,0.0,0.0,0.0,0.0,0.0,0.0,0.0,0.0,0.0,0.0,2.0,14.0,34.0,68.0,139.0,139.0,108.0,95.0,91.0,101.0,108.0,132.0,140.0,163.0,149.0,160.0,153.0,123.0,180.0,187.0,206.0,278.0,468.0,1158.0,2139.0,2551.0,1825.0,989.0,465.0,324.0,264.0,181.0,122.0,39.0,19.0,1.0
0.0,0.0,0.0,0.0,0.0,0.0,0.0,0.0,0.0,0.0,0.0,3.0,19.0,53.0,124.0,224.0,367.0,327.0,198.0,120.0,84.0,56.0,63.0,47.0,34.0,23.0,43.0,52.0,32.0,51.0,43.0,58.0,63.0,73.0,124.0,182.0,163.0,91.0,68.0,48.0,21.0,16.0,20.0,8.0,12.0,17.0,6.0,0.0
0.0,0.0,0.0,0.0,0.0,0.0,0.0,0.0,0.0,0.0,0.0,6.0,7.0,40.0,114.0,224.0,423.0,474.0,288.0,162.0,126.0,94.0,80.0,79.0,90.0,121.0,136.0,124.0,108.0,110.0,115.0,102.0,127.0,157.0,194.0,323.0,415.0,484.0,491.0,351.0,272.0,224.0,184.0,203.0,212.0,87.0,21.0,4.0
0.0,0.0,0.0,0.0,0.0,0.0,0.0,0.0,0.0,0.0,0.0,6.0,24.0,71.0,249.0,558.0,1070.0,1118.0,816.0,585.0,443.0,430.0,386.0,366.0,416.0,389.0,400.0,408.0,408.0,442.0,487.0,520.0,727.0,835.0,1039.0,1718.0,2688.0,3669.0,3562.0,2327.0,1473.0,1057.0,844.0,730.0,541.0,306.0,86.0,5.0
0.0,0.0,2.0,0.0,0.0,0.0,0.0,0.0,0.0,0.0,2.0,4.0,13.0,53.0,180.0,366.0,640.0,676.0,368.0,249.0,152.0,121.0,114.0,125.0,125.0,114.0,118.0,151.0,109.0,128.0,120.0,193.0,253.0,422.0,484.0,877.0,1088.0,1328.0,1257.0,875.0,490.0,343.0,239.0,201.0,149.0,67.0,10.0,4.0
1.0,0.0,0.0,0.0,0.0,0.0,0.0,0.0,0.0,0.0,2.0,10.0,43.0,81.0,365.0,712.0,1413.0,1625.0,1039.0,698.0,402.0,348.0,267.0,269.0,273.0,313.0,305.0,342.0,340.0,348.0,333.0,350.0,356.0,515.0,706.0,1484.0,2741.0,3275.0,2722.0,1697.0,1072.0,803.0,606.0,596.0,381.0,219.0,110.0,19.0
0.0,0.0,0.0,0.0,0.0,0.0,0.0,0.0,0.0,0.0,2.0,8.0,14.0,63.0,259.0,569.0,1084.0,1287.0,785.0,545.0,383.0,355.0,326.0,392.0,375.0,418.0,339.0,351.0,289.0,356.0,338.0,353.0,419.0,550.0,749.0,1518.0,2183.0,2248.0,1982.0,1254.0,727.0,441.0,390.0,367.0,244.0,117.0,40.0,3.0
1.0,0.0,0.0,0.0,0.0,0.0,0.0,0.0,0.0,0.0,0.0,13.0,21.0,116.0,425.0,904.0,1816.0,2022.0,1277.0,741.0,433.0,345.0,288.0,321.0,309.0,329.0,381.0,383.0,335.0,413.0,361.0,410.0,431.0,539.0,722.0,1304.0,1952.0,2002.0,1659.0,963.0,543.0,489.0,445.0,432.0,425.0,217.0,64.0,5.0
0.0,0.0,0.0,0.0,0.0,0.0,0.0,0.0,0.0,0.0,0.0,7.0,27.0,78.0,327.0,761.0,1438.0,1778.0,1125.0,625.0,383.0,274.0,285.0,301.0,327.0,337.0,405.0,402.0,352.0,331.0,273.0,349.0,387.0,483.0,629.0,1358.0,2103.0,2262.0,1901.0,1207.0,682.0,552.0,417.0,381.0,268.0,195.0,54.0,4.0
0.0,0.0,0.0,0.0,0.0,0.0,0.0,0.0,0.0,0.0,0.0,4.0,16.0,67.0,197.0,429.0,882.0,1133.0,686.0,478.0,387.0,353.0,317.0,298.0,254.0,225.0,207.0,259.0,222.0,259.0,284.0,280.0,288.0,381.0,502.0,903.0,1044.0,1182.0,998.0,571.0,371.0,307.0,231.0,159.0,144.0,90.0,33.0,6.0
2.0,1.0,0.0,0.0,0.0,0.0,0.0,0.0,0.0,0.0,2.0,8.0,44.0,199.0,522.0,1281.0,2418.0,3103.0,1902.0,1112.0,558.0,381.0,270.0,288.0,274.0,361.0,351.0,329.0,298.0,317.0,329.0,359.0,341.0,440.0,737.0,1133.0,1705.0,1874.0,1547.0,930.0,486.0,368.0,306.0,280.0,210.0,158.0,87.0,4.0
2.0,0.0,0.0,0.0,0.0,0.0,0.0,0.0,0.0,0.0,0.0,4.0,23.0,152.0,473.0,1065.0,1982.0,2353.0,1557.0,1003.0,549.0,412.0,283.0,309.0,304.0,323.0,327.0,368.0,316.0,351.0,315.0,355.0,372.0,387.0,600.0,965.0,1254.0,1474.0,1363.0,947.0,682.0,581.0,533.0,440.0,395.0,255.0,98.0,6.0
4.0,0.0,1.0,0.0,0.0,1.0,0.0,0.0,0.0,0.0,1.0,6.0,41.0,154.0,386.0,865.0,1555.0,1766.0,1160.0,851.0,630.0,538.0,551.0,567.0,568.0,617.0,555.0,572.0,623.0,682.0,668.0,640.0,728.0,814.0,1157.0,2013.0,3526.0,4556.0,4167.0,2742.0,1677.0,1125.0,944.0,774.0,646.0,457.0,205.0,41.0
4.0,0.0,0.0,0.0,0.0,0.0,0.0,0.0,0.0,0.0,0.0,8.0,24.0,121.0,272.0,635.0,1070.0,1233.0,753.0,577.0,417.0,381.0,404.0,398.0,417.0,336.0,361.0,377.0,379.0,454.0,445.0,525.0,631.0,783.0,1050.0,2038.0,3136.0,3850.0,3170.0,1786.0,1031.0,680.0,656.0,507.0,494.0,490.0,218.0,35.0
0.0,0.0,0.0,0.0,0.0,0.0,0.0,0.0,0.0,0.0,0.0,1.0,11.0,29.0,73.0,176.0,282.0,392.0,280.0,174.0,96.0,98.0,91.0,98.0,80.0,66.0,65.0,70.0,67.0,70.0,70.0,73.0,89.0,121.0,208.0,351.0,399.0,455.0,366.0,198.0,135.0,83.0,63.0,64.0,62.0,58.0,24.0,7.0
0.0,0.0,0.0,0.0,0.0,0.0,0.0,0.0,0.0,0.0,0.0,6.0,39.0,130.0,289.0,611.0,996.0,1304.0,902.0,692.0,447.0,394.0,461.0,395.0,405.0,374.0,424.0,375.0,390.0,431.0,533.0,557.0,630.0,706.0,962.0,1624.0,2207.0,3014.0,2913.0,1753.0,1068.0,825.0,822.0,866.0,649.0,595.0,309.0,46.0
1.0,1.0,0.0,0.0,0.0,0.0,0.0,0.0,0.0,0.0,0.0,2.0,13.0,30.0,57.0,135.0,224.0,281.0,211.0,173.0,207.0,221.0,233.0,275.0,292.0,290.0,281.0,295.0,311.0,341.0,340.0,393.0,455.0,531.0,743.0,1614.0,2942.0,3724.0,3675.0,2255.0,1348.0,1018.0,884.0,784.0,710.0,457.0,217.0,40.0
4.0,1.0,0.0,0.0,0.0,0.0,0.0,0.0,0.0,0.0,0.0,3.0,43.0,190.0,498.0,1230.0,2237.0,2430.0,1862.0,1332.0,771.0,548.0,522.0,471.0,470.0,460.0,540.0,574.0,632.0,624.0,567.0,617.0,639.0,633.0,838.0,1312.0,2024.0,2517.0,2344.0,1681.0,1080.0,837.0,794.0,782.0,631.0,531.0,287.0,54.0
5.0,0.0,0.0,0.0,0.0,0.0,0.0,0.0,0.0,0.0,0.0,4.0,61.0,333.0,919.0,2234.0,3751.0,3823.0,2620.0,1946.0,1069.0,741.0,575.0,516.0,454.0,490.0,547.0,586.0,571.0,596.0,477.0,485.0,532.0,576.0,829.0,1126.0,1527.0,1532.0,1249.0,701.0,495.0,381.0,378.0,338.0,283.0,199.0,109.0,30.0
2.0,0.0,0.0,0.0,0.0,0.0,0.0,0.0,0.0,0.0,0.0,2.0,15.0,43.0,118.0,296.0,664.0,710.0,528.0,337.0,166.0,151.0,120.0,126.0,131.0,141.0,190.0,158.0,157.0,187.0,171.0,220.0,208.0,333.0,493.0,1010.0,1376.0,1670.0,1394.0,759.0,428.0,356.0,311.0,282.0,251.0,144.0,65.0,9.0
8.0,0.0,0.0,0.0,0.0,0.0,0.0,0.0,0.0,0.0,0.0,15.0,41.0,111.0,295.0,759.0,1378.0,1520.0,958.0,623.0,399.0,336.0,340.0,324.0,336.0,413.0,488.0,447.0,426.0,470.0,477.0,558.0,569.0,690.0,910.0,1899.0,2972.0,3361.0,3225.0,2801.0,1801.0,1372.0,1043.0,1063.0,762.0,555.0,236.0,54.0
1.0,0.0,0.0,0.0,0.0,0.0,0.0,0.0,0.0,0.0,1.0,14.0,51.0,209.0,698.0,1498.0,2216.0,2783.0,1801.0,1166.0,664.0,447.0,325.0,341.0,305.0,347.0,385.0,422.0,380.0,393.0,299.0,359.0,373.0,380.0,512.0,941.0,1601.0,2103.0,2049.0,1334.0,892.0,577.0,530.0,464.0,449.0,236.0,98.0,15.0
0.0,0.0,0.0,0.0,0.0,0.0,0.0,0.0,0.0,0.0,1.0,7.0,35.0,158.0,663.0,1617.0,2869.0,3463.0,2294.0,1406.0,737.0,581.0,460.0,430.0,482.0,488.0,537.0,530.0,496.0,498.0,499.0,497.0,593.0,744.0,1207.0,2941.0,6273.0,8523.0,7867.0,5534.0,3366.0,2310.0,1828.0,1424.0,925.0,425.0,211.0,24.0
0.0,0.0,0.0,0.0,0.0,0.0,0.0,0.0,0.0,0.0,3.0,16.0,44.0,273.0,947.0,2723.0,5082.0,5488.0,3518.0,2390.0,1067.0,582.0,422.0,336.0,338.0,353.0,384.0,422.0,358.0,351.0,269.0,320.0,265.0,261.0,316.0,383.0,431.0,467.0,378.0,263.0,198.0,164.0,130.0,124.0,127.0,77.0,44.0,10.0
0.0,0.0,0.0,0.0,0.0,0.0,0.0,0.0,0.0,0.0,4.0,10.0,59.0,336.0,1171.0,3108.0,6301.0,7534.0,5053.0,3445.0,1423.0,681.0,499.0,357.0,276.0,350.0,366.0,377.0,367.0,297.0,270.0,234.0,268.0,272.0,307.0,381.0,383.0,343.0,356.0,235.0,190.0,179.0,167.0,197.0,146.0,82.0,40.0,6.0
0.0,0.0,0.0,0.0,0.0,0.0,0.0,0.0,0.0,0.0,3.0,8.0,25.0,155.0,446.0,1089.0,2143.0,2662.0,1722.0,971.0,411.0,222.0,162.0,126.0,112.0,121.0,114.0,135.0,126.0,109.0,120.0,101.0,104.0,103.0,176.0,262.0,323.0,329.0,240.0,174.0,151.0,126.0,94.0,77.0,87.0,55.0,39.0,7.0
1.0,0.0,0.0,0.0,0.0,0.0,0.0,0.0,0.0,0.0,0.0,3.0,21.0,90.0,268.0,730.0,1294.0,1485.0,862.0,481.0,259.0,240.0,178.0,208.0,307.0,270.0,240.0,294.0,241.0,223.0,263.0,240.0,282.0,317.0,410.0,645.0,1054.0,1742.0,1778.0,1295.0,849.0,575.0,418.0,277.0,204.0,98.0,61.0,21.0
1.0,0.0,0.0,0.0,0.0,0.0,0.0,0.0,0.0,0.0,0.0,2.0,24.0,138.0,345.0,586.0,982.0,1034.0,671.0,509.0,360.0,250.0,235.0,209.0,182.0,186.0,182.0,172.0,190.0,161.0,126.0,198.0,275.0,277.0,328.0,493.0,730.0,693.0,544.0,344.0,211.0,127.0,148.0,177.0,123.0,105.0,42.0,10.0
3.0,0.0,0.0,0.0,0.0,0.0,0.0,0.0,0.0,0.0,0.0,5.0,24.0,47.0,151.0,375.0,680.0,691.0,411.0,311.0,183.0,131.0,159.0,178.0,130.0,153.0,147.0,144.0,170.0,174.0,185.0,204.0,187.0,296.0,560.0,979.0,1458.0,1842.0,1431.0,936.0,570.0,452.0,342.0,374.0,279.0,167.0,70.0,18.0
0.0,0.0,0.0,0.0,0.0,0.0,0.0,0.0,0.0,0.0,0.0,4.0,12.0,50.0,167.0,446.0,740.0,790.0,417.0,210.0,112.0,81.0,56.0,45.0,41.0,39.0,50.0,35.0,46.0,32.0,34.0,32.0,28.0,33.0,51.0,46.0,52.0,62.0,58.0,24.0,23.0,19.0,26.0,13.0,20.0,6.0,1.0,0.0
0.0,0.0,0.0,0.0,0.0,0.0,0.0,0.0,0.0,0.0,0.0,0.0,3.0,6.0,43.0,87.0,210.0,219.0,131.0,51.0,32.0,31.0,27.0,22.0,18.0,25.0,16.0,20.0,19.0,23.0,16.0,20.0,11.0,20.0,27.0,30.0,32.0,32.0,17.0,11.0,16.0,12.0,10.0,4.0,7.0,1.0,0.0,0.0
0.0,0.0,0.0,0.0,0.0,0.0,0.0,0.0,0.0,0.0,0.0,3.0,8.0,50.0,204.0,378.0,633.0,678.0,391.0,176.0,84.0,59.0,50.0,29.0,52.0,51.0,40.0,39.0,44.0,46.0,53.0,40.0,26.0,43.0,61.0,86.0,99.0,88.0,74.0,30.0,22.0,9.0,12.0,9.0,27.0,16.0,0.0,1.0
0.0,0.0,0.0,0.0,0.0,0.0,0.0,0.0,0.0,0.0,0.0,1.0,12.0,69.0,248.0,372.0,712.0,699.0,376.0,192.0,129.0,85.0,87.0,56.0,30.0,39.0,46.0,66.0,51.0,58.0,49.0,40.0,48.0,44.0,73.0,78.0,82.0,82.0,56.0,51.0,33.0,37.0,22.0,25.0,21.0,11.0,4.0,0.0
0.0,0.0,0.0,0.0,0.0,0.0,0.0,0.0,0.0,0.0,0.0,0.0,10.0,43.0,131.0,328.0,455.0,566.0,319.0,155.0,99.0,93.0,66.0,63.0,48.0,33.0,51.0,50.0,48.0,67.0,44.0,45.0,56.0,52.0,59.0,123.0,138.0,126.0,125.0,79.0,31.0,27.0,26.0,37.0,23.0,13.0,3.0,0.0
0.0,0.0,0.0,0.0,0.0,0.0,0.0,0.0,0.0,0.0,0.0,3.0,23.0,110.0,299.0,492.0,810.0,850.0,497.0,311.0,191.0,174.0,122.0,114.0,110.0,134.0,95.0,131.0,111.0,131.0,134.0,116.0,150.0,170.0,216.0,326.0,370.0,356.0,275.0,159.0,108.0,79.0,54.0,76.0,54.0,32.0,17.0,3.0
0.0,0.0,0.0,0.0,0.0,0.0,0.0,0.0,0.0,0.0,0.0,0.0,0.0,0.0,0.0,0.0,0.0,0.0,0.0,0.0,0.0,0.0,0.0,0.0,0.0,0.0,0.0,0.0,0.0,0.0,0.0,0.0,0.0,0.0,0.0,0.0,0.0,0.0,0.0,0.0,0.0,0.0,0.0,0.0,0.0,0.0,0.0,0.0
0.0,0.0,0.0,0.0,0.0,0.0,0.0,0.0,0.0,0.0,0.0,0.0,0.0,10.0,29.0,59.0,77.0,95.0,84.0,62.0,37.0,22.0,30.0,26.0,28.0,26.0,35.0,32.0,20.0,28.0,39.0,44.0,37.0,52.0,83.0,118.0,159.0,154.0,129.0,87.0,64.0,58.0,73.0,72.0,66.0,52.0,26.0,0.0
0.0,0.0,0.0,0.0,0.0,0.0,0.0,0.0,0.0,0.0,0.0,0.0,5.0,17.0,41.0,80.0,131.0,174.0,137.0,89.0,50.0,34.0,38.0,39.0,32.0,37.0,30.0,35.0,37.0,36.0,28.0,35.0,30.0,37.0,58.0,98.0,113.0,121.0,107.0,80.0,52.0,33.0,30.0,31.0,30.0,14.0,7.0,1.0
0.0,0.0,0.0,0.0,0.0,0.0,0.0,0.0,0.0,0.0,0.0,1.0,4.0,38.0,81.0,192.0,339.0,419.0,292.0,257.0,169.0,154.0,111.0,156.0,174.0,188.0,182.0,185.0,174.0,170.0,192.0,180.0,224.0,239.0,331.0,638.0,1109.0,1641.0,1598.0,1002.0,627.0,398.0,364.0,250.0,188.0,134.0,63.0,3.0
0.0,0.0,0.0,0.0,0.0,0.0,0.0,0.0,0.0,0.0,0.0,1.0,2.0,8.0,43.0,99.0,164.0,185.0,155.0,125.0,88.0,45.0,69.0,70.0,61.0,59.0,84.0,93.0,80.0,75.0,100.0,80.0,83.0,118.0,162.0,285.0,522.0,706.0,670.0,424.0,262.0,214.0,153.0,125.0,123.0,95.0,47.0,5.0
0.0,0.0,0.0,0.0,0.0,0.0,0.0,0.0,0.0,0.0,0.0,0.0,2.0,13.0,42.0,79.0,140.0,149.0,149.0,96.0,60.0,63.0,55.0,55.0,53.0,53.0,59.0,76.0,84.0,75.0,85.0,76.0,90.0,114.0,118.0,147.0,217.0,407.0,536.0,491.0,305.0,194.0,161.0,126.0,108.0,85.0,31.0,2.0
2.0,0.0,0.0,0.0,0.0,0.0,0.0,0.0,0.0,0.0,0.0,0.0,7.0,79.0,187.0,445.0,754.0,813.0,568.0,362.0,204.0,167.0,136.0,168.0,163.0,174.0,215.0,182.0,206.0,168.0,206.0,185.0,232.0,268.0,310.0,677.0,1136.0,1506.0,1600.0,1111.0,818.0,491.0,439.0,402.0,369.0,243.0,98.0,12.0
0.0,0.0,0.0,0.0,0.0,0.0,0.0,0.0,0.0,0.0,0.0,0.0,6.0,20.0,63.0,128.0,225.0,229.0,192.0,141.0,92.0,76.0,63.0,74.0,75.0,77.0,89.0,88.0,62.0,97.0,85.0,113.0,94.0,113.0,126.0,258.0,438.0,687.0,706.0,453.0,262.0,176.0,143.0,122.0,89.0,55.0,23.0,1.0
0.0,0.0,0.0,0.0,0.0,0.0,0.0,0.0,0.0,0.0,0.0,0.0,2.0,8.0,25.0,62.0,136.0,156.0,111.0,70.0,54.0,41.0,38.0,45.0,39.0,41.0,37.0,23.0,34.0,33.0,39.0,36.0,43.0,30.0,68.0,104.0,139.0,228.0,216.0,159.0,97.0,62.0,28.0,25.0,20.0,5.0,3.0,0.0
0.0,0.0,0.0,0.0,0.0,0.0,0.0,0.0,0.0,0.0,0.0,0.0,2.0,6.0,10.0,34.0,58.0,80.0,58.0,41.0,12.0,9.0,9.0,10.0,10.0,8.0,10.0,3.0,4.0,12.0,3.0,7.0,2.0,4.0,4.0,6.0,15.0,20.0,11.0,9.0,10.0,3.0,1.0,6.0,4.0,3.0,0.0,0.0
1.0,0.0,0.0,0.0,0.0,0.0,0.0,0.0,0.0,0.0,0.0,0.0,3.0,4.0,25.0,64.0,169.0,224.0,161.0,91.0,65.0,49.0,43.0,38.0,52.0,51.0,66.0,54.0,58.0,57.0,46.0,38.0,53.0,75.0,104.0,206.0,395.0,512.0,427.0,257.0,138.0,88.0,79.0,66.0,62.0,53.0,17.0,5.0
0.0,0.0,0.0,0.0,0.0,0.0,0.0,0.0,0.0,0.0,0.0,0.0,2.0,16.0,67.0,222.0,421.0,486.0,315.0,207.0,123.0,90.0,87.0,90.0,77.0,108.0,104.0,102.0,97.0,100.0,89.0,126.0,104.0,111.0,169.0,264.0,369.0,421.0,416.0,217.0,141.0,102.0,93.0,82.0,78.0,57.0,29.0,6.0
0.0,0.0,0.0,0.0,0.0,0.0,0.0,0.0,0.0,0.0,0.0,0.0,6.0,19.0,58.0,182.0,370.0,565.0,392.0,193.0,112.0,89.0,77.0,78.0,70.0,66.0,80.0,80.0,72.0,71.0,62.0,73.0,74.0,93.0,101.0,166.0,214.0,271.0,205.0,128.0,68.0,41.0,50.0,58.0,37.0,34.0,13.0,0.0
0.0,0.0,0.0,0.0,0.0,0.0,0.0,0.0,0.0,0.0,0.0,0.0,3.0,18.0,75.0,177.0,357.0,379.0,230.0,168.0,94.0,89.0,68.0,91.0,79.0,87.0,92.0,72.0,77.0,98.0,103.0,97.0,116.0,122.0,155.0,304.0,448.0,474.0,350.0,199.0,163.0,130.0,125.0,94.0,69.0,56.0,25.0,2.0
1.0,0.0,0.0,0.0,0.0,0.0,0.0,0.0,0.0,0.0,0.0,0.0,3.0,10.0,32.0,106.0,145.0,135.0,81.0,71.0,42.0,20.0,14.0,13.0,23.0,18.0,22.0,16.0,21.0,29.0,15.0,27.0,18.0,16.0,51.0,108.0,147.0,163.0,122.0,78.0,54.0,23.0,22.0,21.0,25.0,17.0,10.0,0.0
0.0,0.0,0.0,0.0,0.0,0.0,0.0,0.0,0.0,0.0,1.0,0.0,15.0,54.0,110.0,231.0,435.0,574.0,307.0,169.0,107.0,66.0,44.0,39.0,49.0,44.0,44.0,50.0,42.0,47.0,50.0,34.0,43.0,56.0,62.0,101.0,93.0,121.0,81.0,43.0,35.0,33.0,21.0,27.0,22.0,19.0,3.0,0.0
0.0,0.0,0.0,0.0,0.0,0.0,0.0,0.0,0.0,0.0,0.0,3.0,22.0,107.0,171.0,291.0,684.0,849.0,466.0,269.0,119.0,111.0,88.0,109.0,70.0,79.0,92.0,86.0,86.0,81.0,90.0,81.0,94.0,103.0,140.0,234.0,227.0,213.0,152.0,87.0,94.0,68.0,71.0,101.0,87.0,25.0,7.0,1.0
0.0,0.0,0.0,0.0,0.0,0.0,0.0,0.0,0.0,0.0,0.0,2.0,14.0,40.0,77.0,125.0,257.0,381.0,181.0,110.0,53.0,38.0,34.0,31.0,24.0,26.0,24.0,32.0,23.0,22.0,17.0,23.0,22.0,39.0,44.0,58.0,66.0,55.0,32.0,29.0,36.0,13.0,8.0,15.0,9.0,8.0,2.0,0.0
0.0,0.0,0.0,0.0,0.0,0.0,0.0,0.0,0.0,0.0,0.0,4.0,13.0,40.0,82.0,186.0,326.0,395.0,241.0,164.0,98.0,79.0,65.0,75.0,70.0,85.0,63.0,94.0,80.0,73.0,71.0,72.0,98.0,112.0,188.0,381.0,471.0,398.0,186.0,125.0,71.0,46.0,48.0,57.0,36.0,15.0,14.0,1.0
0.0,0.0,0.0,0.0,0.0,0.0,0.0,0.0,0.0,0.0,0.0,2.0,6.0,44.0,145.0,269.0,486.0,588.0,352.0,207.0,109.0,88.0,83.0,80.0,59.0,73.0,66.0,64.0,58.0,62.0,63.0,40.0,39.0,78.0,153.0,230.0,288.0,205.0,151.0,81.0,52.0,40.0,39.0,22.0,14.0,8.0,1.0,3.0
0.0,0.0,0.0,0.0,0.0,0.0,0.0,0.0,0.0,0.0,0.0,0.0,6.0,63.0,193.0,427.0,745.0,847.0,521.0,316.0,180.0,157.0,124.0,124.0,136.0,115.0,124.0,106.0,95.0,119.0,114.0,98.0,152.0,174.0,199.0,267.0,302.0,215.0,146.0,77.0,61.0,59.0,40.0,26.0,20.0,14.0,8.0,5.0
0.0,0.0,0.0,0.0,0.0,0.0,0.0,0.0,0.0,0.0,0.0,2.0,4.0,27.0,90.0,208.0,324.0,364.0,248.0,154.0,90.0,78.0,69.0,68.0,50.0,41.0,71.0,58.0,56.0,42.0,41.0,47.0,37.0,64.0,86.0,155.0,126.0,128.0,102.0,64.0,39.0,46.0,35.0,11.0,18.0,14.0,5.0,0.0
0.0,0.0,0.0,0.0,0.0,0.0,0.0,0.0,0.0,0.0,0.0,0.0,8.0,59.0,258.0,531.0,820.0,868.0,484.0,288.0,149.0,112.0,118.0,98.0,71.0,81.0,90.0,103.0,88.0,64.0,82.0,59.0,65.0,47.0,82.0,101.0,121.0,117.0,105.0,74.0,61.0,58.0,37.0,51.0,31.0,23.0,7.0,1.0
2.0,0.0,0.0,0.0,0.0,0.0,0.0,0.0,0.0,0.0,0.0,2.0,12.0,122.0,447.0,1018.0,1552.0,1624.0,922.0,582.0,306.0,257.0,223.0,249.0,244.0,191.0,178.0,203.0,148.0,180.0,178.0,147.0,143.0,182.0,175.0,187.0,219.0,276.0,232.0,154.0,141.0,98.0,107.0,79.0,60.0,50.0,17.0,4.0
0.0,0.0,0.0,0.0,0.0,0.0,0.0,0.0,0.0,0.0,0.0,6.0,33.0,133.0,440.0,959.0,1369.0,1194.0,586.0,347.0,234.0,223.0,176.0,178.0,124.0,119.0,126.0,108.0,137.0,92.0,93.0,113.0,93.0,96.0,104.0,139.0,107.0,128.0,138.0,82.0,64.0,45.0,39.0,30.0,18.0,10.0,2.0,2.0
2.0,0.0,0.0,0.0,0.0,0.0,0.0,0.0,0.0,0.0,0.0,3.0,38.0,193.0,566.0,1359.0,2720.0,3205.0,1881.0,1183.0,658.0,459.0,369.0,380.0,336.0,326.0,379.0,413.0,426.0,391.0,347.0,464.0,432.0,473.0,638.0,900.0,1081.0,909.0,656.0,381.0,255.0,209.0,206.0,180.0,135.0,100.0,55.0,9.0
1.0,0.0,0.0,0.0,0.0,0.0,0.0,0.0,0.0,0.0,0.0,6.0,64.0,248.0,505.0,1181.0,2614.0,3144.0,1743.0,962.0,620.0,452.0,424.0,405.0,378.0,399.0,422.0,450.0,438.0,481.0,402.0,397.0,427.0,532.0,635.0,913.0,1141.0,1054.0,887.0,573.0,357.0,255.0,223.0,190.0,148.0,110.0,56.0,17.0
0.0,0.0,0.0,0.0,0.0,0.0,0.0,0.0,0.0,0.0,0.0,12.0,51.0,121.0,291.0,742.0,1936.0,2763.0,1256.0,666.0,340.0,259.0,202.0,162.0,157.0,172.0,162.0,183.0,160.0,180.0,117.0,120.0,101.0,100.0,123.0,154.0,175.0,143.0,127.0,100.0,80.0,85.0,76.0,77.0,52.0,54.0,18.0,4.0
2.0,0.0,0.0,0.0,0.0,0.0,0.0,0.0,0.0,0.0,0.0,4.0,42.0,185.0,404.0,929.0,1792.0,2240.0,1160.0,678.0,383.0,284.0,209.0,190.0,169.0,170.0,216.0,199.0,182.0,188.0,193.0,162.0,164.0,168.0,256.0,529.0,516.0,388.0,216.0,154.0,124.0,77.0,84.0,86.0,59.0,61.0,37.0,5.0
0.0,0.0,0.0,0.0,0.0,0.0,0.0,0.0,0.0,0.0,0.0,6.0,42.0,188.0,517.0,843.0,1258.0,1320.0,803.0,528.0,347.0,279.0,193.0,152.0,190.0,184.0,184.0,212.0,204.0,184.0,142.0,149.0,154.0,179.0,201.0,274.0,313.0,253.0,163.0,111.0,97.0,113.0,113.0,91.0,72.0,45.0,32.0,10.0
0.0,0.0,0.0,0.0,0.0,0.0,0.0,0.0,0.0,0.0,0.0,5.0,51.0,153.0,399.0,681.0,1043.0,1180.0,733.0,498.0,315.0,280.0,242.0,217.0,288.0,257.0,284.0,299.0,306.0,252.0,229.0,203.0,224.0,239.0,249.0,311.0,288.0,240.0,201.0,129.0,86.0,103.0,68.0,45.0,49.0,51.0,23.0,2.0
0.0,0.0,0.0,0.0,0.0,0.0,0.0,0.0,0.0,0.0,0.0,9.0,60.0,201.0,548.0,1124.0,1823.0,1966.0,1152.0,734.0,417.0,328.0,284.0,195.0,194.0,240.0,257.0,255.0,287.0,293.0,265.0,314.0,262.0,220.0,346.0,448.0,644.0,602.0,473.0,282.0,236.0,226.0,203.0,171.0,215.0,133.0,52.0,9.0
0.0,0.0,0.0,0.0,0.0,0.0,0.0,0.0,0.0,0.0,0.0,0.0,33.0,99.0,313.0,626.0,1101.0,1266.0,636.0,343.0,245.0,193.0,126.0,105.0,121.0,111.0,125.0,132.0,130.0,138.0,108.0,124.0,109.0,144.0,174.0,241.0,265.0,216.0,180.0,114.0,104.0,73.0,61.0,60.0,46.0,55.0,11.0,3.0
0.0,0.0,0.0,0.0,0.0,0.0,0.0,0.0,0.0,0.0,0.0,6.0,13.0,46.0,131.0,206.0,401.0,493.0,255.0,185.0,112.0,105.0,102.0,86.0,78.0,83.0,78.0,93.0,87.0,91.0,94.0,68.0,88.0,66.0,122.0,155.0,199.0,172.0,121.0,66.0,84.0,86.0,47.0,16.0,26.0,21.0,10.0,2.0
0.0,0.0,0.0,0.0,0.0,0.0,0.0,0.0,0.0,0.0,0.0,3.0,27.0,151.0,481.0,1093.0,1863.0,2024.0,1008.0,590.0,319.0,209.0,175.0,172.0,126.0,129.0,188.0,173.0,163.0,152.0,131.0,127.0,192.0,168.0,198.0,232.0,194.0,188.0,140.0,91.0,76.0,77.0,80.0,86.0,45.0,56.0,24.0,6.0
0.0,0.0,0.0,0.0,0.0,0.0,0.0,0.0,0.0,0.0,0.0,4.0,25.0,124.0,430.0,754.0,1284.0,1249.0,687.0,408.0,236.0,132.0,136.0,81.0,82.0,87.0,100.0,96.0,124.0,118.0,71.0,69.0,69.0,84.0,86.0,106.0,110.0,125.0,89.0,57.0,54.0,42.0,56.0,48.0,39.0,28.0,10.0,3.0
0.0,0.0,0.0,0.0,0.0,0.0,0.0,0.0,0.0,0.0,0.0,2.0,20.0,104.0,328.0,560.0,855.0,921.0,489.0,333.0,183.0,146.0,153.0,118.0,121.0,116.0,112.0,133.0,126.0,155.0,123.0,141.0,111.0,108.0,157.0,225.0,290.0,245.0,196.0,131.0,81.0,78.0,71.0,67.0,47.0,35.0,13.0,7.0
0.0,0.0,0.0,0.0,0.0,0.0,0.0,0.0,0.0,0.0,0.0,0.0,5.0,42.0,188.0,357.0,626.0,522.0,283.0,213.0,133.0,107.0,118.0,92.0,81.0,106.0,95.0,69.0,86.0,91.0,100.0,145.0,142.0,224.0,215.0,371.0,416.0,412.0,308.0,160.0,94.0,70.0,51.0,66.0,55.0,30.0,16.0,2.0
0.0,0.0,0.0,0.0,0.0,0.0,0.0,0.0,0.0,0.0,0.0,6.0,8.0,70.0,263.0,602.0,920.0,985.0,674.0,514.0,397.0,364.0,422.0,343.0,350.0,282.0,243.0,257.0,264.0,313.0,327.0,451.0,516.0,487.0,518.0,773.0,962.0,937.0,693.0,370.0,229.0,190.0,187.0,145.0,113.0,75.0,24.0,4.0
0.0,0.0,0.0,0.0,0.0,0.0,0.0,0.0,0.0,0.0,2.0,9.0,22.0,68.0,230.0,489.0,830.0,956.0,482.0,267.0,185.0,121.0,155.0,151.0,150.0,154.0,131.0,158.0,170.0,154.0,188.0,187.0,186.0,230.0,422.0,853.0,1292.0,1357.0,1028.0,412.0,248.0,174.0,147.0,140.0,142.0,79.0,25.0,2.0
1.0,0.0,0.0,0.0,0.0,0.0,0.0,0.0,0.0,0.0,1.0,11.0,18.0,56.0,250.0,417.0,733.0,740.0,461.0,240.0,190.0,184.0,189.0,188.0,182.0,213.0,197.0,227.0,224.0,243.0,243.0,307.0,321.0,297.0,380.0,577.0,905.0,1340.0,1213.0,754.0,451.0,365.0,403.0,563.0,418.0,129.0,24.0,2.0
0.0,0.0,0.0,0.0,0.0,0.0,0.0,0.0,0.0,0.0,0.0,2.0,4.0,51.0,293.0,366.0,592.0,584.0,295.0,149.0,77.0,55.0,54.0,61.0,48.0,56.0,54.0,42.0,66.0,46.0,44.0,52.0,65.0,73.0,115.0,244.0,279.0,308.0,246.0,106.0,72.0,60.0,30.0,24.0,29.0,21.0,8.0,2.0
1.0,0.0,0.0,0.0,0.0,0.0,0.0,0.0,0.0,0.0,0.0,0.0,55.0,377.0,799.0,1415.0,2522.0,2846.0,1498.0,862.0,551.0,421.0,343.0,289.0,282.0,306.0,319.0,305.0,251.0,320.0,257.0,202.0,249.0,311.0,337.0,425.0,478.0,435.0,323.0,228.0,159.0,144.0,110.0,115.0,62.0,42.0,29.0,9.0
0.0,0.0,0.0,0.0,0.0,0.0,0.0,0.0,0.0,0.0,0.0,1.0,62.0,287.0,794.0,1486.0,2634.0,2793.0,1452.0,821.0,513.0,448.0,342.0,315.0,276.0,347.0,344.0,429.0,389.0,379.0,354.0,344.0,405.0,384.0,479.0,472.0,534.0,484.0,488.0,392.0,331.0,348.0,339.0,400.0,403.0,327.0,153.0,20.0
0.0,0.0,0.0,0.0,0.0,0.0,0.0,0.0,0.0,0.0,0.0,0.0,33.0,187.0,400.0,1011.0,1696.0,1740.0,918.0,556.0,345.0,269.0,205.0,156.0,127.0,153.0,161.0,178.0,176.0,171.0,189.0,104.0,99.0,161.0,163.0,237.0,255.0,253.0,167.0,146.0,90.0,81.0,71.0,61.0,56.0,29.0,19.0,1.0
0.0,0.0,0.0,0.0,0.0,0.0,0.0,0.0,0.0,0.0,0.0,0.0,14.0,105.0,252.0,557.0,929.0,1001.0,558.0,401.0,334.0,318.0,307.0,302.0,254.0,206.0,263.0,230.0,210.0,226.0,260.0,262.0,265.0,315.0,386.0,421.0,471.0,456.0,346.0,219.0,145.0,154.0,160.0,129.0,114.0,83.0,28.0,11.0
1.0,0.0,0.0,0.0,0.0,0.0,0.0,0.0,0.0,0.0,0.0,2.0,51.0,236.0,631.0,1300.0,2216.0,2477.0,1149.0,699.0,454.0,281.0,246.0,211.0,228.0,202.0,249.0,251.0,201.0,198.0,139.0,150.0,128.0,144.0,191.0,256.0,231.0,247.0,189.0,146.0,86.0,94.0,94.0,103.0,82.0,59.0,32.0,6.0
0.0,0.0,0.0,0.0,0.0,0.0,0.0,0.0,0.0,0.0,0.0,2.0,35.0,177.0,332.0,740.0,1267.0,1398.0,700.0,432.0,269.0,234.0,201.0,187.0,195.0,198.0,225.0,214.0,193.0,175.0,141.0,146.0,146.0,161.0,192.0,250.0,255.0,213.0,165.0,117.0,73.0,77.0,79.0,77.0,76.0,43.0,15.0,2.0
2.0,0.0,0.0,0.0,0.0,0.0,0.0,0.0,0.0,0.0,0.0,0.0,29.0,189.0,447.0,736.0,1344.0,1540.0,842.0,564.0,392.0,384.0,331.0,322.0,305.0,282.0,257.0,284.0,217.0,268.0,249.0,230.0,258.0,289.0,273.0,319.0,330.0,343.0,234.0,175.0,159.0,116.0,114.0,114.0,87.0,45.0,46.0,7.0
0.0,0.0,0.0,0.0,0.0,0.0,0.0,0.0,0.0,1.0,0.0,2.0,44.0,218.0,481.0,822.0,1339.0,1559.0,746.0,440.0,323.0,233.0,228.0,208.0,168.0,166.0,168.0,171.0,172.0,162.0,131.0,132.0,115.0,153.0,145.0,250.0,219.0,232.0,149.0,95.0,77.0,85.0,105.0,111.0,152.0,93.0,23.0,4.0
0.0,0.0,0.0,0.0,0.0,0.0,0.0,0.0,0.0,0.0,0.0,0.0,6.0,40.0,106.0,189.0,308.0,319.0,152.0,112.0,65.0,47.0,48.0,33.0,29.0,39.0,33.0,25.0,26.0,19.0,37.0,33.0,35.0,49.0,64.0,62.0,53.0,47.0,26.0,16.0,14.0,18.0,14.0,8.0,12.0,4.0,1.0,0.0
0.0,0.0,0.0,0.0,0.0,0.0,0.0,0.0,0.0,0.0,0.0,1.0,24.0,80.0,146.0,310.0,539.0,593.0,323.0,207.0,158.0,103.0,95.0,90.0,79.0,63.0,79.0,85.0,67.0,84.0,67.0,82.0,85.0,127.0,141.0,247.0,264.0,177.0,119.0,77.0,52.0,35.0,28.0,25.0,27.0,8.0,1.0,2.0
0.0,0.0,0.0,0.0,0.0,0.0,0.0,0.0,0.0,0.0,0.0,4.0,46.0,177.0,476.0,803.0,1300.0,1390.0,688.0,477.0,350.0,303.0,256.0,229.0,231.0,226.0,189.0,205.0,182.0,228.0,159.0,161.0,173.0,161.0,174.0,275.0,318.0,248.0,151.0,160.0,92.0,84.0,51.0,35.0,26.0,22.0,11.0,5.0
0.0,0.0,0.0,0.0,0.0,0.0,0.0,0.0,0.0,0.0,0.0,1.0,10.0,116.0,405.0,1174.0,1857.0,1965.0,1317.0,777.0,438.0,287.0,224.0,205.0,221.0,209.0,232.0,224.0,182.0,176.0,179.0,147.0,137.0,187.0,208.0,371.0,404.0,357.0,199.0,149.0,93.0,100.0,73.0,74.0,55.0,32.0,27.0,3.0
0.0,0.0,0.0,0.0,0.0,0.0,0.0,0.0,0.0,0.0,0.0,0.0,5.0,45.0,251.0,890.0,1858.0,2272.0,1225.0,570.0,269.0,142.0,103.0,90.0,84.0,94.0,91.0,96.0,76.0,80.0,48.0,78.0,60.0,87.0,94.0,106.0,142.0,112.0,108.0,53.0,38.0,31.0,28.0,34.0,33.0,17.0,6.0,0.0
0.0,0.0,0.0,0.0,0.0,0.0,0.0,0.0,0.0,0.0,0.0,0.0,23.0,145.0,944.0,2365.0,3725.0,4082.0,2726.0,1609.0,655.0,382.0,306.0,284.0,251.0,255.0,278.0,238.0,236.0,220.0,197.0,158.0,141.0,157.0,161.0,244.0,271.0,272.0,221.0,166.0,94.0,88.0,81.0,58.0,64.0,31.0,15.0,6.0
0.0,0.0,0.0,0.0,0.0,0.0,0.0,0.0,0.0,0.0,0.0,0.0,1.0,9.0,42.0,136.0,233.0,275.0,174.0,61.0,30.0,35.0,16.0,19.0,4.0,4.0,16.0,11.0,13.0,5.0,4.0,5.0,2.0,9.0,16.0,17.0,12.0,12.0,8.0,13.0,4.0,3.0,2.0,1.0,2.0,1.0,1.0,0.0
0.0,0.0,0.0,0.0,0.0,0.0,0.0,0.0,0.0,0.0,0.0,0.0,18.0,110.0,419.0,1308.0,2449.0,3281.0,2269.0,1293.0,493.0,319.0,235.0,216.0,199.0,227.0,210.0,234.0,206.0,167.0,170.0,151.0,160.0,203.0,241.0,467.0,783.0,708.0,544.0,364.0,259.0,193.0,201.0,148.0,124.0,78.0,41.0,8.0
0.0,0.0,0.0,0.0,0.0,0.0,0.0,0.0,0.0,0.0,0.0,1.0,11.0,58.0,88.0,243.0,322.0,333.0,178.0,122.0,97.0,79.0,82.0,65.0,77.0,88.0,67.0,70.0,82.0,80.0,82.0,104.0,94.0,112.0,177.0,398.0,543.0,356.0,212.0,130.0,69.0,83.0,62.0,48.0,28.0,16.0,7.0,0.0
0.0,0.0,0.0,0.0,0.0,0.0,0.0,0.0,0.0,0.0,0.0,2.0,13.0,73.0,114.0,293.0,470.0,466.0,193.0,111.0,48.0,54.0,38.0,29.0,30.0,33.0,26.0,27.0,18.0,32.0,23.0,20.0,8.0,26.0,22.0,25.0,27.0,23.0,15.0,10.0,10.0,7.0,5.0,2.0,5.0,6.0,1.0,0.0
0.0,0.0,0.0,0.0,0.0,0.0,0.0,0.0,0.0,0.0,0.0,2.0,52.0,157.0,488.0,1237.0,2375.0,2329.0,1113.0,571.0,306.0,184.0,170.0,136.0,112.0,118.0,104.0,130.0,132.0,124.0,86.0,81.0,83.0,88.0,91.0,116.0,128.0,96.0,83.0,74.0,54.0,35.0,27.0,39.0,28.0,20.0,6.0,0.0
0.0,0.0,0.0,0.0,0.0,0.0,0.0,0.0,0.0,0.0,0.0,3.0,14.0,42.0,109.0,397.0,681.0,686.0,367.0,211.0,96.0,78.0,40.0,50.0,49.0,57.0,45.0,49.0,41.0,69.0,47.0,30.0,34.0,46.0,64.0,62.0,50.0,47.0,45.0,44.0,27.0,36.0,67.0,39.0,29.0,14.0,2.0,1.0
0.0,0.0,0.0,0.0,0.0,0.0,0.0,0.0,0.0,0.0,0.0,1.0,9.0,28.0,58.0,216.0,454.0,402.0,229.0,120.0,67.0,44.0,35.0,25.0,48.0,25.0,36.0,37.0,35.0,31.0,35.0,30.0,33.0,39.0,40.0,33.0,38.0,38.0,22.0,28.0,18.0,10.0,11.0,15.0,7.0,2.0,2.0,0.0
0.0,0.0,0.0,0.0,0.0,0.0,0.0,0.0,0.0,0.0,0.0,0.0,8.0,27.0,59.0,156.0,264.0,265.0,145.0,65.0,54.0,34.0,17.0,22.0,25.0,24.0,26.0,27.0,19.0,29.0,20.0,19.0,31.0,23.0,26.0,28.0,22.0,17.0,19.0,14.0,6.0,3.0,5.0,4.0,0.0,2.0,1.0,0.0
0.0,0.0,0.0,0.0,0.0,0.0,0.0,0.0,0.0,0.0,0.0,2.0,1.0,8.0,17.0,55.0,73.0,77.0,51.0,29.0,29.0,24.0,35.0,18.0,23.0,18.0,20.0,15.0,14.0,16.0,13.0,18.0,16.0,28.0,31.0,27.0,30.0,24.0,25.0,20.0,17.0,9.0,6.0,4.0,3.0,0.0,2.0,0.0
0.0,0.0,0.0,0.0,0.0,0.0,0.0,0.0,0.0,0.0,0.0,4.0,22.0,92.0,222.0,523.0,939.0,953.0,454.0,265.0,154.0,100.0,83.0,53.0,64.0,35.0,65.0,78.0,71.0,41.0,39.0,45.0,48.0,50.0,38.0,41.0,52.0,57.0,60.0,30.0,32.0,29.0,21.0,28.0,18.0,15.0,4.0,1.0
0.0,0.0,0.0,0.0,0.0,0.0,0.0,0.0,0.0,0.0,0.0,2.0,17.0,33.0,111.0,280.0,454.0,479.0,238.0,114.0,89.0,102.0,63.0,78.0,64.0,46.0,49.0,53.0,37.0,51.0,49.0,55.0,52.0,52.0,62.0,57.0,60.0,56.0,60.0,37.0,28.0,35.0,24.0,28.0,13.0,10.0,4.0,4.0
0.0,0.0,0.0,0.0,0.0,0.0,0.0,0.0,0.0,0.0,1.0,5.0,13.0,52.0,229.0,631.0,1139.0,1134.0,518.0,269.0,188.0,180.0,117.0,121.0,110.0,112.0,90.0,89.0,91.0,75.0,83.0,72.0,81.0,99.0,103.0,120.0,143.0,100.0,90.0,66.0,48.0,51.0,25.0,23.0,25.0,16.0,5.0,3.0
0.0,0.0,0.0,0.0,0.0,0.0,0.0,0.0,0.0,0.0,0.0,1.0,5.0,40.0,121.0,223.0,332.0,403.0,219.0,146.0,85.0,67.0,55.0,75.0,69.0,51.0,44.0,62.0,65.0,70.0,74.0,86.0,91.0,85.0,140.0,258.0,243.0,183.0,122.0,93.0,50.0,36.0,30.0,22.0,13.0,15.0,2.0,1.0
0.0,0.0,0.0,0.0,0.0,0.0,0.0,0.0,0.0,0.0,0.0,1.0,33.0,135.0,178.0,229.0,393.0,492.0,259.0,158.0,83.0,78.0,53.0,59.0,44.0,38.0,56.0,56.0,49.0,56.0,60.0,54.0,43.0,41.0,43.0,60.0,47.0,39.0,40.0,29.0,26.0,19.0,27.0,10.0,12.0,9.0,1.0,0.0
0.0,0.0,0.0,0.0,0.0,0.0,0.0,0.0,0.0,0.0,0.0,0.0,25.0,132.0,336.0,781.0,1471.0,1712.0,876.0,504.0,268.0,193.0,170.0,172.0,143.0,136.0,149.0,134.0,154.0,128.0,117.0,115.0,113.0,146.0,121.0,178.0,196.0,209.0,132.0,113.0,78.0,61.0,59.0,49.0,52.0,30.0,10.0,2.0
0.0,0.0,0.0,0.0,0.0,0.0,0.0,0.0,0.0,0.0,0.0,0.0,20.0,107.0,248.0,479.0,917.0,1010.0,670.0,358.0,200.0,135.0,143.0,96.0,81.0,99.0,113.0,93.0,92.0,91.0,80.0,73.0,87.0,113.0,120.0,167.0,201.0,227.0,127.0,83.0,47.0,53.0,48.0,53.0,38.0,21.0,2.0,0.0
0.0,0.0,0.0,0.0,0.0,0.0,0.0,0.0,0.0,0.0,0.0,0.0,13.0,35.0,86.0,208.0,357.0,492.0,290.0,171.0,116.0,85.0,62.0,48.0,73.0,46.0,61.0,62.0,71.0,47.0,46.0,57.0,56.0,74.0,91.0,119.0,139.0,170.0,124.0,86.0,53.0,43.0,52.0,35.0,32.0,24.0,13.0,0.0
0.0,0.0,0.0,0.0,0.0,0.0,0.0,0.0,0.0,0.0,0.0,1.0,5.0,30.0,52.0,118.0,216.0,268.0,191.0,176.0,122.0,123.0,110.0,114.0,103.0,115.0,115.0,130.0,120.0,140.0,120.0,108.0,115.0,134.0,230.0,475.0,630.0,537.0,396.0,233.0,146.0,83.0,87.0,98.0,84.0,59.0,19.0,2.0
0.0,0.0,0.0,0.0,0.0,0.0,0.0,0.0,0.0,0.0,0.0,1.0,2.0,17.0,31.0,105.0,193.0,274.0,182.0,117.0,121.0,78.0,76.0,86.0,75.0,106.0,111.0,109.0,87.0,84.0,103.0,111.0,122.0,159.0,369.0,472.0,642.0,611.0,483.0,298.0,154.0,115.0,75.0,55.0,55.0,27.0,9.0,2.0
0.0,0.0,0.0,0.0,0.0,0.0,0.0,0.0,0.0,0.0,0.0,0.0,9.0,50.0,135.0,319.0,581.0,646.0,447.0,274.0,202.0,162.0,147.0,152.0,133.0,147.0,162.0,145.0,151.0,165.0,171.0,194.0,167.0,207.0,343.0,501.0,747.0,732.0,464.0,255.0,159.0,102.0,95.0,70.0,64.0,30.0,10.0,0.0
0.0,0.0,0.0,0.0,0.0,0.0,0.0,0.0,0.0,0.0,0.0,0.0,36.0,121.0,329.0,692.0,1435.0,1312.0,796.0,493.0,300.0,279.0,232.0,202.0,223.0,204.0,200.0,221.0,177.0,216.0,182.0,158.0,166.0,197.0,303.0,448.0,585.0,552.0,458.0,278.0,206.0,114.0,133.0,94.0,76.0,39.0,19.0,1.0
0.0,0.0,0.0,0.0,0.0,0.0,0.0,0.0,0.0,0.0,0.0,2.0,9.0,51.0,130.0,229.0,377.0,478.0,292.0,213.0,147.0,105.0,92.0,76.0,88.0,82.0,79.0,96.0,74.0,82.0,54.0,83.0,81.0,94.0,157.0,368.0,446.0,487.0,324.0,151.0,98.0,72.0,54.0,37.0,43.0,29.0,10.0,1.0
0.0,0.0,0.0,0.0,0.0,0.0,0.0,0.0,0.0,0.0,0.0,1.0,1.0,6.0,44.0,57.0,94.0,68.0,43.0,15.0,11.0,10.0,5.0,6.0,6.0,4.0,5.0,7.0,7.0,4.0,3.0,9.0,3.0,9.0,7.0,9.0,4.0,8.0,1.0,8.0,2.0,0.0,1.0,0.0,0.0,0.0,0.0,0.0
0.0,0.0,0.0,0.0,0.0,0.0,0.0,0.0,0.0,0.0,0.0,4.0,10.0,39.0,125.0,288.0,479.0,485.0,244.0,140.0,88.0,82.0,54.0,66.0,51.0,49.0,43.0,50.0,59.0,51.0,35.0,60.0,29.0,28.0,57.0,61.0,102.0,53.0,54.0,45.0,20.0,15.0,22.0,11.0,7.0,10.0,3.0,0.0
1.0,0.0,0.0,0.0,0.0,0.0,0.0,0.0,0.0,0.0,0.0,1.0,9.0,41.0,67.0,148.0,246.0,315.0,198.0,151.0,102.0,82.0,68.0,106.0,116.0,108.0,102.0,103.0,85.0,102.0,103.0,103.0,115.0,119.0,158.0,281.0,493.0,805.0,623.0,311.0,155.0,119.0,101.0,89.0,63.0,115.0,102.0,24.0
1.0,0.0,0.0,0.0,0.0,0.0,0.0,0.0,0.0,0.0,0.0,0.0,49.0,222.0,372.0,874.0,1573.0,2006.0,1261.0,916.0,527.0,331.0,272.0,357.0,516.0,381.0,256.0,260.0,218.0,218.0,178.0,167.0,192.0,174.0,213.0,246.0,314.0,286.0,293.0,184.0,144.0,91.0,116.0,161.0,132.0,57.0,36.0,11.0
1.0,0.0,0.0,0.0,0.0,0.0,0.0,0.0,0.0,0.0,0.0,2.0,70.0,232.0,492.0,1038.0,1911.0,2175.0,1568.0,908.0,546.0,326.0,276.0,221.0,235.0,226.0,264.0,269.0,206.0,239.0,200.0,192.0,196.0,217.0,248.0,317.0,446.0,586.0,443.0,388.0,206.0,192.0,149.0,132.0,126.0,94.0,46.0,16.0
0.0,0.0,0.0,0.0,0.0,0.0,0.0,0.0,0.0,0.0,0.0,3.0,61.0,208.0,445.0,932.0,1762.0,2061.0,1322.0,806.0,473.0,312.0,244.0,201.0,158.0,197.0,202.0,204.0,201.0,190.0,162.0,149.0,138.0,158.0,173.0,234.0,323.0,338.0,239.0,155.0,106.0,113.0,94.0,64.0,66.0,39.0,41.0,9.0
0.0,0.0,0.0,0.0,0.0,0.0,0.0,0.0,0.0,0.0,0.0,0.0,13.0,54.0,126.0,294.0,616.0,905.0,554.0,301.0,150.0,78.0,69.0,54.0,30.0,36.0,53.0,36.0,39.0,30.0,37.0,21.0,27.0,32.0,32.0,44.0,45.0,56.0,44.0,34.0,14.0,22.0,16.0,10.0,11.0,4.0,1.0,1.0
0.0,0.0,0.0,0.0,0.0,0.0,0.0,0.0,0.0,0.0,0.0,5.0,27.0,95.0,329.0,744.0,1311.0,1817.0,1264.0,777.0,461.0,323.0,236.0,219.0,189.0,201.0,214.0,193.0,200.0,159.0,164.0,142.0,138.0,163.0,181.0,212.0,262.0,284.0,204.0,158.0,151.0,110.0,125.0,137.0,129.0,88.0,42.0,7.0
0.0,0.0,0.0,0.0,0.0,0.0,0.0,0.0,0.0,0.0,0.0,4.0,22.0,111.0,337.0,915.0,1980.0,2504.0,1626.0,941.0,513.0,289.0,188.0,183.0,114.0,136.0,129.0,143.0,116.0,129.0,90.0,80.0,81.0,82.0,75.0,116.0,131.0,106.0,93.0,71.0,49.0,50.0,48.0,53.0,28.0,30.0,19.0,4.0
0.0,0.0,0.0,0.0,0.0,0.0,0.0,0.0,0.0,0.0,0.0,2.0,16.0,71.0,174.0,459.0,1033.0,1299.0,826.0,512.0,273.0,193.0,157.0,139.0,146.0,160.0,154.0,166.0,128.0,120.0,146.0,124.0,112.0,118.0,130.0,183.0,223.0,238.0,193.0,139.0,111.0,140.0,84.0,76.0,86.0,50.0,20.0,3.0
0.0,0.0,0.0,0.0,0.0,0.0,0.0,0.0,0.0,0.0,1.0,12.0,51.0,177.0,526.0,1197.0,2133.0,2807.0,1765.0,1117.0,596.0,405.0,323.0,252.0,246.0,254.0,248.0,248.0,235.0,224.0,183.0,203.0,206.0,176.0,191.0,236.0,221.0,233.0,169.0,141.0,93.0,82.0,73.0,88.0,59.0,51.0,36.0,4.0
0.0,0.0,0.0,0.0,0.0,0.0,0.0,0.0,0.0,0.0,0.0,6.0,29.0,106.0,239.0,486.0,1037.0,1442.0,835.0,395.0,219.0,159.0,102.0,92.0,84.0,82.0,77.0,82.0,90.0,54.0,44.0,49.0,31.0,62.0,46.0,67.0,77.0,55.0,47.0,25.0,41.0,31.0,26.0,22.0,9.0,14.0,10.0,2.0
0.0,0.0,0.0,0.0,0.0,0.0,0.0,0.0,0.0,0.0,0.0,16.0,51.0,193.0,628.0,1417.0,2637.0,3329.0,1876.0,1073.0,566.0,432.0,343.0,252.0,207.0,214.0,251.0,220.0,218.0,194.0,184.0,149.0,172.0,166.0,206.0,228.0,236.0,217.0,161.0,136.0,85.0,55.0,48.0,54.0,34.0,23.0,12.0,1.0
